dataset,model,condition,slice,clean_mean,random_mean,structured_mean,random_degradation,structured_degradation,differential_degradation,ci_low,ci_high
WN18RR,TransE,Structured-low,overall,0.12888178553240257,0.13095351369892413,0.1267661139177077,-0.002071728166521569,0.002115671614694864,0.004187399781216433,-0.0002700154657158976,0.008614091188446518
WN18RR,TransE,Relation-low,overall,0.12888178553240257,0.13095351369892413,0.11467651404307512,-0.002071728166521569,0.014205271489327445,0.016276999655849014,0.009437391826212765,0.023295974290837157
WN18RR,DistMult,Structured-low,overall,0.22074737752008838,0.13526352520686571,0.15482840592136846,0.08548385231322267,0.06591897159871993,-0.01956488071450274,-0.04850172205636985,0.007335499018095854
WN18RR,DistMult,Relation-low,overall,0.22074737752008838,0.13526352520686571,0.16924556110363456,0.08548385231322267,0.05150181641645382,-0.03398203589676885,-0.05765491988141734,-0.015511340867883043
WN18RR,ComplEx,Structured-low,overall,0.31818972662325234,0.21729815871771907,0.22387912119238781,0.10089156790553327,0.09431060543086453,-0.0065809624746687445,-0.022437370721186314,0.00858175663432286
WN18RR,ComplEx,Relation-low,overall,0.31818972662325234,0.21729815871771907,0.240031022636401,0.10089156790553327,0.07815870398685135,-0.022732863918681928,-0.04007229452230205,-0.007436254323741135
WN18RR,RotatE,Structured-low,overall,0.0022628343250678156,0.003058598012772396,0.0029892389088234236,-0.0007957636877045805,-0.000726404583755608,6.935910394897243e-05,-0.0010864923215544826,0.001372053279722396
WN18RR,RotatE,Relation-low,overall,0.0022628343250678156,0.003058598012772396,0.002733474284857841,-0.0007957636877045805,-0.00047063995979002536,0.0003251237279145551,-0.0010206298925229257,0.0016398387284546588
WN18RR,TransE,Structured-low,coverage_low,0.08930731029015258,0.10769765195951708,0.10113227870327661,-0.0183903416693645,-0.011824968413124026,0.006565373256240473,-0.0023680899027939094,0.015227048513208694
WN18RR,TransE,Relation-low,coverage_low,0.08930731029015258,0.10769765195951708,0.0792433813486464,-0.0183903416693645,0.010063928941506178,0.028454270610870677,0.017257324209693916,0.039487115051534134
WN18RR,DistMult,Structured-low,coverage_low,0.07073118816668965,0.0558009246452349,0.05897539428364184,0.014930263521454747,0.011755793883047809,-0.0031744696384069376,-0.01477044135500219,0.009221062929481882
WN18RR,DistMult,Relation-low,coverage_low,0.07073118816668965,0.0558009246452349,0.04767064638132409,0.014930263521454747,0.02306054178536556,0.008130278263910815,-0.0021381320383350127,0.020464980254205473
WN18RR,ComplEx,Structured-low,coverage_low,0.08675993170678387,0.06613398582344947,0.0687897699364337,0.0206259458833344,0.01797016177035017,-0.0026557841129842275,-0.011807217808591095,0.005457372193953703
WN18RR,ComplEx,Relation-low,coverage_low,0.08675993170678387,0.06613398582344947,0.05720138647941894,0.0206259458833344,0.029558545227364924,0.008932599344030526,-0.00020016066145216708,0.01875232662354785
WN18RR,RotatE,Structured-low,coverage_low,0.0016821208018203667,0.0024157875496191275,0.0018414099602777855,-0.0007336667477987609,-0.0001592891584574188,0.000574377589341342,-0.0010528184914377,0.00244869309091287
WN18RR,RotatE,Relation-low,coverage_low,0.0016821208018203667,0.0024157875496191275,0.0017869544149562116,-0.0007336667477987609,-0.00010483361313584497,0.0006288331346629159,-0.0008841524738394753,0.0025162269785755135
WN18RR,TransE,Structured-low,relation_low,0.11517379360716323,0.12622686279398734,0.11763027404078974,-0.01105306918682411,-0.0024564804336265067,0.008596588753197604,-0.0007282494259719184,0.01818308572599759
WN18RR,TransE,Relation-low,relation_low,0.11517379360716323,0.12622686279398734,0.04407876839506868,-0.01105306918682411,0.07109502521209454,0.08214809439891865,0.06733133626073348,0.09725905952586622
WN18RR,DistMult,Structured-low,relation_low,0.10006000810998468,0.061304314725990086,0.06648786529531751,0.038755693383994594,0.033572142814667166,-0.0051835505693274275,-0.02788694957766739,0.01650026295754458
WN18RR,DistMult,Relation-low,relation_low,0.10006000810998468,0.061304314725990086,0.008705017258420798,0.038755693383994594,0.09135499085156389,0.05259929746756929,0.03878325270900065,0.06722620050375597
WN18RR,ComplEx,Structured-low,relation_low,0.12747873945230606,0.08599416388123489,0.08929022617985961,0.04148457557107117,0.03818851327244645,-0.0032960622986247246,-0.01598238220988371,0.012424772691920558
WN18RR,ComplEx,Relation-low,relation_low,0.12747873945230606,0.08599416388123489,0.006517383580101869,0.04148457557107117,0.12096135587220419,0.07947678030113302,0.0629737294188659,0.09661370266634406
WN18RR,RotatE,Structured-low,relation_low,0.0021351248181223706,0.0023816830364573323,0.0022824309742006453,-0.0002465582183349617,-0.0001473061560782747,9.925206225668698e-05,-0.0018902833597959276,0.0019376570513041757
WN18RR,RotatE,Relation-low,relation_low,0.0021351248181223706,0.0023816830364573323,0.0009247140099596137,-0.0002465582183349617,0.0012104108081627569,0.0014569690264977185,-9.392420418999604e-06,0.0032504312214628466
WN18RR,TransE,Structured-low,coverage_mid,0.15201304900020793,0.14832501378713006,0.14098368201150147,0.003688035213077867,0.011029366988706463,0.007341331775628596,-0.0007649221499733495,0.014831378937930052
WN18RR,TransE,Relation-low,coverage_mid,0.15201304900020793,0.14832501378713006,0.12958973575162938,0.003688035213077867,0.022423313248578547,0.01873527803550068,0.004815526726571221,0.03237353671715895
WN18RR,DistMult,Structured-low,coverage_mid,0.2768520515286,0.1700524326952338,0.18698487982094938,0.1067996188333662,0.0898671717076506,-0.016932447125715594,-0.05766963612066515,0.020000098478288025
WN18RR,DistMult,Relation-low,coverage_mid,0.2768520515286,0.1700524326952338,0.20930956837820072,0.1067996188333662,0.06754248315039926,-0.03925713568296693,-0.07250421812864566,-0.012383161305967208
WN18RR,ComplEx,Structured-low,coverage_mid,0.3772201923569859,0.2616311825387166,0.25280097886712005,0.1155890098182693,0.12441921348986584,0.008830203671596537,-0.009101427868821295,0.024714346947289856
WN18RR,ComplEx,Relation-low,coverage_mid,0.3772201923569859,0.2616311825387166,0.2809703716609453,0.1155890098182693,0.0962498206960406,-0.019339189122228706,-0.04141568378569511,-0.0003369250955352485
WN18RR,RotatE,Structured-low,coverage_mid,0.002140554753799146,0.0027811893674989175,0.0025498628530678195,-0.0006406346136997713,-0.0004093080992686733,0.000231326514431098,-0.0014938367847857285,0.0022495721813602606
WN18RR,RotatE,Relation-low,coverage_mid,0.002140554753799146,0.0027811893674989175,0.0019027700173088716,-0.0006406346136997713,0.00023778473649027458,0.0008784193501900459,-0.0009329417366714331,0.002749347036071679
WN18RR,TransE,Structured-low,relation_mid,0.18656668887167155,0.18902513863880638,0.19040282023314917,-0.0024584497671348293,-0.0038361313614776182,-0.001377681594342789,-0.009738247991418555,0.006740265454762187
WN18RR,TransE,Relation-low,relation_mid,0.18656668887167155,0.18902513863880638,0.20888524153410168,-0.0024584497671348293,-0.02231855266243013,-0.0198601028952953,-0.028832177605032525,-0.010576380919937099
WN18RR,DistMult,Structured-low,relation_mid,0.5186346828126722,0.3214594626613891,0.37492147915294355,0.19717522015128314,0.14371320365972867,-0.053462016491554465,-0.11939579793755922,0.006959648632010774
WN18RR,DistMult,Relation-low,relation_mid,0.5186346828126722,0.3214594626613891,0.46021171743412337,0.19717522015128314,0.05842296537854885,-0.13875225477273428,-0.19308596642370612,-0.09706222608501221
WN18RR,ComplEx,Structured-low,relation_mid,0.7715138564334123,0.539739302015497,0.5551007460157565,0.23177455441791528,0.21641311041765576,-0.015361444000259517,-0.05621079131800337,0.018754888288823462
WN18RR,ComplEx,Relation-low,relation_mid,0.7715138564334123,0.539739302015497,0.665491711134729,0.23177455441791528,0.10602214529868326,-0.12575240911923202,-0.16807093524267555,-0.09065919853594459
WN18RR,RotatE,Structured-low,relation_mid,0.001639473743263844,0.0033575423886143476,0.0031344095967825924,-0.0017180686453505036,-0.0014949358535187485,0.00022313279183175513,-0.002555045668920159,0.0029465446495882705
WN18RR,RotatE,Relation-low,relation_mid,0.001639473743263844,0.0033575423886143476,0.003078630584745148,-0.0017180686453505036,-0.001439156841481304,0.0002789118038691997,-0.0024019757155545546,0.002977043166927261
WN18RR,TransE,Structured-low,coverage_high,0.13660852734557294,0.1313922932976355,0.1326019083789311,0.005216234047937446,0.0040066189666418395,-0.0012096150812956064,-0.008699095652451454,0.00675126681873864
WN18RR,TransE,Relation-low,coverage_high,0.13660852734557294,0.1313922932976355,0.1278882578845147,0.005216234047937446,0.00872026946105825,0.003504035413120804,-0.007884275993057153,0.015284088945487192
WN18RR,DistMult,Structured-low,coverage_high,0.2843197369017615,0.1634328132645859,0.19945564437722071,0.1208869236371756,0.08486409252454077,-0.03602283111263482,-0.07601072877139663,-0.0006588608758514217
WN18RR,DistMult,Relation-low,coverage_high,0.2843197369017615,0.1634328132645859,0.22663172616678076,0.1208869236371756,0.05768801073498073,-0.06319891290219487,-0.0954397722020219,-0.03929156975539797
WN18RR,ComplEx,Structured-low,coverage_high,0.44614026016206426,0.2946021619015184,0.3211701848332236,0.15153809826054587,0.12497007532884064,-0.026568022931705237,-0.05247337647215064,0.0019661221552041254
WN18RR,ComplEx,Relation-low,coverage_high,0.44614026016206426,0.2946021619015184,0.34729410648792164,0.15153809826054587,0.09884615367414262,-0.05269194458640325,-0.08114944695688012,-0.025714070908282583
WN18RR,RotatE,Structured-low,coverage_high,0.002877435927307129,0.0038931308706020387,0.004418648470841563,-0.0010156949432949098,-0.0015412125435344337,-0.000525517600239524,-0.002852422004055243,0.0020726347581754238
WN18RR,RotatE,Relation-low,coverage_high,0.002877435927307129,0.0038931308706020387,0.004420662753864259,-0.0010156949432949098,-0.00154322682655713,-0.0005275318832622202,-0.0033655419604458757,0.0021950264345552938
WN18RR,TransE,Structured-low,relation_high,0.08822325578111859,0.08415490090648632,0.07804115138984397,0.004068354874632266,0.010182104391274621,0.0061137495166423556,-0.0012440246149851022,0.013644120909860082
WN18RR,TransE,Relation-low,relation_high,0.08822325578111859,0.08415490090648632,0.07945141644425395,0.004068354874632266,0.008771839336864637,0.004703484462232371,-0.005090793958837569,0.014416966884980687
WN18RR,DistMult,Structured-low,relation_high,0.04305362529669828,0.023239995592853196,0.023003894902794215,0.019813629703845086,0.020049730393904067,0.00023610069005898168,-0.006879906175981293,0.008532238677425209
WN18RR,DistMult,Relation-low,relation_high,0.04305362529669828,0.023239995592853196,0.023266063159456236,0.019813629703845086,0.019787562137242046,-2.6067566603039938e-05,-0.006780855040347684,0.007752791469961491
WN18RR,ComplEx,Structured-low,relation_high,0.05233446939318338,0.025390200221238016,0.026557291460043386,0.026944269171945368,0.025777177933139998,-0.0011670912388053699,-0.007696525783133437,0.004798453194533201
WN18RR,ComplEx,Relation-low,relation_high,0.05233446939318338,0.025390200221238016,0.02577662979015144,0.026944269171945368,0.026557839603031944,-0.00038642956891342395,-0.006369345358726575,0.0050082825573546244
WN18RR,RotatE,Structured-low,relation_high,0.00288058512920557,0.003239699496533092,0.0033216883894322817,-0.0003591143673275219,-0.0004411032602267117,-8.198889289918977e-05,-0.0019868577519849477,0.0019662318238414926
WN18RR,RotatE,Relation-low,relation_high,0.00288058512920557,0.003239699496533092,0.00360684694378166,-0.0003591143673275219,-0.0007262618145760899,-0.000367147447248568,-0.0024938123798163895,0.0015494694305420668
CoDEx-M,TransE,Structured-low,overall,0.092905604376569,0.09437016982031965,0.09434102814321275,-0.0014645654437506483,-0.0014354237666437536,2.9141677106894748e-05,-0.007362236031578087,0.005565463067207877
CoDEx-M,TransE,Relation-low,overall,0.092905604376569,0.09437016982031965,0.10264780901976166,-0.0014645654437506483,-0.009742204643192656,-0.008277639199442008,-0.01389312889864099,-0.0018307338318979318
CoDEx-M,DistMult,Structured-low,overall,0.2660140457511166,0.2625590027288707,0.2574539196128567,0.003455043022245863,0.008560126138259905,0.005105083116014042,-0.0015461409461038896,0.011635288952214436
CoDEx-M,DistMult,Relation-low,overall,0.2660140457511166,0.2625590027288707,0.2565312189422394,0.003455043022245863,0.009482826808877187,0.006027783786631324,-0.0027217488713216073,0.013833872185734028
CoDEx-M,ComplEx,Structured-low,overall,0.2626573535706919,0.2583000334264777,0.25210139766496537,0.004357320144214194,0.010555955905726555,0.006198635761512361,-2.7163667731619374e-05,0.012341332349855018
CoDEx-M,ComplEx,Relation-low,overall,0.2626573535706919,0.2583000334264777,0.24806155146112147,0.004357320144214194,0.014595802109570455,0.010238481965356261,0.004506312577064801,0.016427787986414682
CoDEx-M,RotatE,Structured-low,overall,0.019789632940604786,0.019703201929749933,0.01765944727218366,8.643101085485314e-05,0.002130185668421127,0.002043754657566274,0.00034525966926190945,0.003911959352823199
CoDEx-M,RotatE,Relation-low,overall,0.019789632940604786,0.019703201929749933,0.03463904029342515,8.643101085485314e-05,-0.014849407352820362,-0.014935838363675215,-0.023061554851576623,-0.006320269828157394
CoDEx-M,TransE,Structured-low,coverage_low,0.0797834312261969,0.08190245402259637,0.07818111448867461,-0.0021190227963994723,0.0016023167375222858,0.003721339533921758,-0.0030571354333349997,0.010456028689425169
CoDEx-M,TransE,Relation-low,coverage_low,0.0797834312261969,0.08190245402259637,0.08988839276541162,-0.0021190227963994723,-0.010104961539214724,-0.007985938742815252,-0.0143823780641585,-0.0007711208908453844
CoDEx-M,DistMult,Structured-low,coverage_low,0.26193179227658486,0.2534188545883511,0.24398381128082264,0.008512937688233746,0.017947980995762225,0.009435043307528479,0.001139986342635988,0.01717740630588455
CoDEx-M,DistMult,Relation-low,coverage_low,0.26193179227658486,0.2534188545883511,0.24987175143328863,0.008512937688233746,0.012060040843296232,0.0035471031550624865,-0.005992913902816442,0.012737194828529834
CoDEx-M,ComplEx,Structured-low,coverage_low,0.24817389293494288,0.24589126538336908,0.23742647354160756,0.002282627551573796,0.010747419393335317,0.008464791841761521,-0.0010984355314819913,0.01861612008497276
CoDEx-M,ComplEx,Relation-low,coverage_low,0.24817389293494288,0.24589126538336908,0.2405830196440885,0.002282627551573796,0.007590873290854366,0.00530824573928057,-0.00461027206534904,0.015009291331992625
CoDEx-M,RotatE,Structured-low,coverage_low,0.015355874111796857,0.01444095217122424,0.012005033316161016,0.0009149219405726172,0.003350840795635841,0.002435918855063224,-0.00013524792912288796,0.005507730552632225
CoDEx-M,RotatE,Relation-low,coverage_low,0.015355874111796857,0.01444095217122424,0.028095674855311555,0.0009149219405726172,-0.012739800743514699,-0.013654722684087316,-0.02072359012093997,-0.006576469577574918
CoDEx-M,TransE,Structured-low,relation_low,0.11758403940245644,0.12522258075248222,0.12344605563478865,-0.007638541350025771,-0.005862016232332207,0.0017765251176935642,-0.006462690041529882,0.010504962298294604
CoDEx-M,TransE,Relation-low,relation_low,0.11758403940245644,0.12522258075248222,0.13116049451086942,-0.007638541350025771,-0.013576455108412974,-0.005937913758387203,-0.0165656685250271,0.005234780191673164
CoDEx-M,DistMult,Structured-low,relation_low,0.27932024563072094,0.27050456584983473,0.2769022611478263,0.00881567978088621,0.002417984482894653,-0.006397695297991557,-0.01639734026303199,0.0025446730401697325
CoDEx-M,DistMult,Relation-low,relation_low,0.27932024563072094,0.27050456584983473,0.23619666553193086,0.00881567978088621,0.04312358009879008,0.03430790031790387,0.019695234643451735,0.05177902635622856
CoDEx-M,ComplEx,Structured-low,relation_low,0.2714090601972441,0.2677222678010233,0.2609365288802147,0.0036867923962207727,0.01047253131702941,0.006785738920808637,-0.003687349977372909,0.01713588204154366
CoDEx-M,ComplEx,Relation-low,relation_low,0.2714090601972441,0.2677222678010233,0.22382656323056183,0.0036867923962207727,0.047582496966682264,0.04389570457046149,0.02978646436520712,0.05790095567659625
CoDEx-M,RotatE,Structured-low,relation_low,0.011555847358421686,0.011085338896972967,0.010893265571255983,0.0004705084614487192,0.000662581787165703,0.00019207332571698384,-0.0022302835499755026,0.0025267473445354737
CoDEx-M,RotatE,Relation-low,relation_low,0.011555847358421686,0.011085338896972967,0.01391131056453666,0.0004705084614487192,-0.0023554632061149744,-0.0028259716675636936,-0.007925943097084531,0.002434012931661066
CoDEx-M,TransE,Structured-low,coverage_mid,0.08856944024807081,0.09073114189445543,0.08820245185298316,-0.0021617016463846145,0.0003669883950876557,0.00252869004147227,-0.002854787065269501,0.008308883720772785
CoDEx-M,TransE,Relation-low,coverage_mid,0.08856944024807081,0.09073114189445543,0.09907325147196391,-0.0021617016463846145,-0.0105038112238931,-0.008342109577508486,-0.01443816426461065,-0.0015839044963974036
CoDEx-M,DistMult,Structured-low,coverage_mid,0.26262524290205813,0.2602536666425075,0.2523058779597909,0.002371576259550645,0.010319364942267206,0.007947788682716561,-0.0011723727600571705,0.016267525504745185
CoDEx-M,DistMult,Relation-low,coverage_mid,0.26262524290205813,0.2602536666425075,0.2560909463394715,0.002371576259550645,0.006534296562586639,0.004162720303035994,-0.006765442665489896,0.01528134287015817
CoDEx-M,ComplEx,Structured-low,coverage_mid,0.25910505451100524,0.2538154281795195,0.24735640648618487,0.0052896263314857195,0.011748648024820368,0.006459021693334649,-0.002172891547492408,0.014449780328653468
CoDEx-M,ComplEx,Relation-low,coverage_mid,0.25910505451100524,0.2538154281795195,0.24468490771060455,0.0052896263314857195,0.014420146800400685,0.009130520468914965,0.0018326447889010123,0.017539352387648303
CoDEx-M,RotatE,Structured-low,coverage_mid,0.01859984203869093,0.01946025991116494,0.01709688451834844,-0.0008604178724740084,0.0015029575203424905,0.002363375392816499,8.341165339096453e-05,0.004604996994815697
CoDEx-M,RotatE,Relation-low,coverage_mid,0.01859984203869093,0.01946025991116494,0.034779571397335854,-0.0008604178724740084,-0.016179729358644923,-0.015319311486170915,-0.023358823014886065,-0.006323828623031758
CoDEx-M,TransE,Structured-low,relation_mid,0.09961079330197964,0.09890168929590173,0.09973897111314574,0.0007091040060779041,-0.00012817781116609972,-0.0008372818172440039,-0.01302555863613695,0.009410993488771207
CoDEx-M,TransE,Relation-low,relation_mid,0.09961079330197964,0.09890168929590173,0.11324989913462848,0.0007091040060779041,-0.013639105832648837,-0.014348209838726741,-0.023350589849828508,-0.005136070092178182
CoDEx-M,DistMult,Structured-low,relation_mid,0.2757083510451755,0.27025316778002223,0.2627075646582175,0.005455183265153263,0.013000786386958008,0.007545603121804745,-0.0063078891509710504,0.021288732507223792
CoDEx-M,DistMult,Relation-low,relation_mid,0.2757083510451755,0.27025316778002223,0.2612434555006601,0.005455183265153263,0.01446489554451541,0.009009712279362148,-0.00810560850069118,0.02448738983873665
CoDEx-M,ComplEx,Structured-low,relation_mid,0.27163293059698346,0.2624954967026026,0.25323134080212084,0.009137433894380875,0.018401589794862616,0.009264155900481741,-0.006437053574438175,0.024413456153912147
CoDEx-M,ComplEx,Relation-low,relation_mid,0.27163293059698346,0.2624954967026026,0.2545485247053781,0.009137433894380875,0.01708440589160537,0.007946971997224495,-0.0017636617524520485,0.017297262747069143
CoDEx-M,RotatE,Structured-low,relation_mid,0.01633427569268084,0.01674278749120215,0.01603251587313067,-0.00040851179852131186,0.00030175981955016945,0.0007102716180714813,-0.0017106415928385282,0.0031625403692241275
CoDEx-M,RotatE,Relation-low,relation_mid,0.01633427569268084,0.01674278749120215,0.03175079983978853,-0.00040851179852131186,-0.015416524147107688,-0.015008012348586376,-0.02494788630673228,-0.0051689152605192915
CoDEx-M,TransE,Structured-low,coverage_high,0.11542195236771613,0.114894079146259,0.12351377248037514,0.0005278732214571286,-0.008091820112659007,-0.008619693334116135,-0.02314264885420132,0.003087129863377147
CoDEx-M,TransE,Relation-low,coverage_high,0.11542195236771613,0.114894079146259,0.12338139804336014,0.0005278732214571286,-0.007959445675644009,-0.008487318897101137,-0.020674949209903745,0.0019678285451809416
CoDEx-M,DistMult,Structured-low,coverage_high,0.27670696821190455,0.27694984462786526,0.2818273430477161,-0.0002428764159607133,-0.00512037483581157,-0.004877498419850856,-0.01869560390872069,0.009809878937881288
CoDEx-M,DistMult,Relation-low,coverage_high,0.27670696821190455,0.27694984462786526,0.2647754193960593,-0.0002428764159607133,0.011931548815845239,0.012174425231805952,-0.0025685820876382034,0.02522341816504612
CoDEx-M,ComplEx,Structured-low,coverage_high,0.2852789224292555,0.28028687937284785,0.27709357979259314,0.004992043056407658,0.008185342636662374,0.003193299580254716,-0.00669992430925831,0.014014290581550575
CoDEx-M,ComplEx,Relation-low,coverage_high,0.2852789224292555,0.28028687937284785,0.2625309926165216,0.004992043056407658,0.022747929812733936,0.017755886756326278,0.00787954938108863,0.028142713232507364
CoDEx-M,RotatE,Structured-low,coverage_high,0.026899715531044956,0.02602792251049309,0.025000674135872977,0.0008717930205518649,0.001899041395171979,0.0010272483746201141,-0.0018521119173427743,0.003863056499671799
CoDEx-M,RotatE,Relation-low,coverage_high,0.026899715531044956,0.02602792251049309,0.04170325301633892,0.0008717930205518649,-0.014803537485293963,-0.015675330505845828,-0.025797738539109882,-0.0045710501302866045
CoDEx-M,TransE,Structured-low,relation_high,0.06679578377509122,0.06584535243851895,0.06623114283849295,0.0009504313365722716,0.0005646409365982763,-0.00038579039997399533,-0.005867065091302841,0.00561171120715556
CoDEx-M,TransE,Relation-low,relation_high,0.06679578377509122,0.06584535243851895,0.06942907044849253,0.0009504313365722716,-0.0026332866734013055,-0.003583718009973577,-0.010849036388232982,0.0029435111673817363
CoDEx-M,DistMult,Structured-low,relation_high,0.24543732827193937,0.24823502845204445,0.23691016788552885,-0.002797700180105084,0.00852716038641052,0.011324860566515604,-0.0034582218651200793,0.02480728368775405
CoDEx-M,DistMult,Relation-low,relation_high,0.24543732827193937,0.24823502845204445,0.26710113716747697,-0.002797700180105084,-0.021663808895537595,-0.01886610871543251,-0.028614732327312913,-0.008389571279327665
CoDEx-M,ComplEx,Structured-low,relation_high,0.24634473904187512,0.2465829483656791,0.24411213353249425,-0.00023820932380397286,0.0022326055093808694,0.0024708148331848423,-0.012607921216095932,0.016831479649809467
CoDEx-M,ComplEx,Relation-low,relation_high,0.24634473904187512,0.2465829483656791,0.2597279171106622,-0.00023820932380397286,-0.013383178068787055,-0.013144968744983082,-0.026440386884484038,-0.0003411467866366434
CoDEx-M,RotatE,Structured-low,relation_high,0.02980332758702111,0.029482571494989115,0.024592020136642575,0.00032075609203199504,0.005211307450378535,0.00489055135834654,0.00045218014873712976,0.008774204864824381
CoDEx-M,RotatE,Relation-low,relation_high,0.02980332758702111,0.029482571494989115,0.053636032960943936,0.00032075609203199504,-0.023832705373922826,-0.02415346146595482,-0.03395289971470318,-0.014572099807248108
