dataset,model_a,model_b,condition,slice,interaction,ci_low,ci_high,supported
WN18RR,TransE,DistMult,Structured-low,overall,0.023752280495719175,-0.0026182880044960583,0.05338429759073794,False
WN18RR,TransE,DistMult,Relation-low,overall,0.05025903555261786,0.031202047520909267,0.07571328913069886,True
WN18RR,TransE,ComplEx,Structured-low,overall,0.010768362255885178,-0.0050368472605438275,0.028138009500518774,False
WN18RR,TransE,ComplEx,Relation-low,overall,0.03900986357453094,0.02451347992418474,0.05687340415602997,True
WN18RR,TransE,RotatE,Structured-low,overall,0.004118040677267461,-0.0006712700533030177,0.008792495997569684,False
WN18RR,TransE,RotatE,Relation-low,overall,0.01595187592793446,0.009080913592477348,0.02328321347261175,True
WN18RR,DistMult,ComplEx,Structured-low,overall,-0.012983918239833997,-0.05307178802125056,0.022317000863132,False
WN18RR,DistMult,ComplEx,Relation-low,overall,-0.01124917197808692,-0.044463381792378374,0.017728158500035302,False
WN18RR,DistMult,RotatE,Structured-low,overall,-0.019634239818451714,-0.04858692436458296,0.0070862510976579095,False
WN18RR,DistMult,RotatE,Relation-low,overall,-0.034307159624683406,-0.05727662242312115,-0.0158344599144015,True
WN18RR,ComplEx,RotatE,Structured-low,overall,-0.006650321578617717,-0.02221809364398013,0.008607330267573588,False
WN18RR,ComplEx,RotatE,Relation-low,overall,-0.023057987646596483,-0.03996234337824714,-0.007873323641906902,True
WN18RR,TransE,DistMult,Structured-low,coverage_low,0.00973984289464741,-0.00613254506688163,0.02487750240911416,False
WN18RR,TransE,DistMult,Relation-low,coverage_low,0.020323992346959863,0.0031085839847131832,0.03550020639285068,True
WN18RR,TransE,ComplEx,Structured-low,coverage_low,0.0092211573692247,-0.0040435184439845855,0.02219370911114793,False
WN18RR,TransE,ComplEx,Relation-low,coverage_low,0.01952167126684015,0.007731028688541814,0.03173272881974146,True
WN18RR,TransE,RotatE,Structured-low,coverage_low,0.00599099566689913,-0.003208792522243046,0.015097403102575756,False
WN18RR,TransE,RotatE,Relation-low,coverage_low,0.027825437476207762,0.016433625798236203,0.039091185230348706,True
WN18RR,DistMult,ComplEx,Structured-low,coverage_low,-0.0005186855254227102,-0.01678876220317461,0.015049853362099016,False
WN18RR,DistMult,ComplEx,Relation-low,coverage_low,-0.0008023210801197111,-0.016413224017015934,0.015195107053119225,False
WN18RR,DistMult,RotatE,Structured-low,coverage_low,-0.00374884722774828,-0.014889650123623031,0.008452235872246177,False
WN18RR,DistMult,RotatE,Relation-low,coverage_low,0.007501445129247899,-0.0026258515614512863,0.019454682422065325,False
WN18RR,ComplEx,RotatE,Structured-low,coverage_low,-0.0032301617023255697,-0.012320219678576766,0.005391214403192662,False
WN18RR,ComplEx,RotatE,Relation-low,coverage_low,0.00830376620936761,-0.0008885046039440259,0.018667148195413378,False
WN18RR,TransE,DistMult,Structured-low,relation_low,0.013780139322525031,-0.008725114112140888,0.03937275532990986,False
WN18RR,TransE,DistMult,Relation-low,relation_low,0.02954879693134936,0.011151656706866913,0.049502923833434805,True
WN18RR,TransE,ComplEx,Structured-low,relation_low,0.011892651051822328,-0.004147788599983947,0.027184870374429605,False
WN18RR,TransE,ComplEx,Relation-low,relation_low,0.0026713140977856348,-0.015297789093665068,0.021377376742485,False
WN18RR,TransE,RotatE,Structured-low,relation_low,0.008497336690940917,-0.0013227956790504518,0.01845976896534154,False
WN18RR,TransE,RotatE,Relation-low,relation_low,0.08069112537242093,0.06535579367070693,0.0964748694500433,True
WN18RR,DistMult,ComplEx,Structured-low,relation_low,-0.001887488270702703,-0.036692727525572934,0.024916683760357397,False
WN18RR,DistMult,ComplEx,Relation-low,relation_low,-0.026877482833563726,-0.04458213004891004,-0.009877937695454071,True
WN18RR,DistMult,RotatE,Structured-low,relation_low,-0.0052828026315841145,-0.02697358175468224,0.0162724231559999,False
WN18RR,DistMult,RotatE,Relation-low,relation_low,0.051142328441071576,0.03782323679084214,0.06541900374386839,True
WN18RR,ComplEx,RotatE,Structured-low,relation_low,-0.0033953143608814115,-0.016864363483703477,0.012987919785172301,False
WN18RR,ComplEx,RotatE,Relation-low,relation_low,0.0780198112746353,0.06146203160868043,0.09515356577387898,True
WN18RR,TransE,DistMult,Structured-low,coverage_mid,0.02427377890134419,-0.014297563869656785,0.06499545007023301,False
WN18RR,TransE,DistMult,Relation-low,coverage_mid,0.05799241371846761,0.03511856113772549,0.08759877589378734,True
WN18RR,TransE,ComplEx,Structured-low,coverage_mid,-0.0014888718959679414,-0.019118337847442123,0.020284040612170744,False
WN18RR,TransE,ComplEx,Relation-low,coverage_mid,0.038074467157729386,0.016494152686657083,0.06661137018461692,True
WN18RR,TransE,RotatE,Structured-low,coverage_mid,0.007110005261197498,-0.0014579235818054808,0.014941529833929277,False
WN18RR,TransE,RotatE,Relation-low,coverage_mid,0.017856858685310634,0.0033866887245483914,0.032328117126163916,True
WN18RR,DistMult,ComplEx,Structured-low,coverage_mid,-0.02576265079731213,-0.07552121753730505,0.019104336215385476,False
WN18RR,DistMult,ComplEx,Relation-low,coverage_mid,-0.019917946560738226,-0.061852807173652075,0.01823152743069133,False
WN18RR,DistMult,RotatE,Structured-low,coverage_mid,-0.017163773640146693,-0.058051964936103276,0.020053567190097866,False
WN18RR,DistMult,RotatE,Relation-low,coverage_mid,-0.04013555503315698,-0.0735376109342916,-0.012607818165293664,True
WN18RR,ComplEx,RotatE,Structured-low,coverage_mid,0.008598877157165438,-0.009167247115558809,0.02508423635776254,False
WN18RR,ComplEx,RotatE,Relation-low,coverage_mid,-0.02021760847241875,-0.04185904236827121,-0.0016909263260338906,True
WN18RR,TransE,DistMult,Structured-low,relation_mid,0.052084334897211676,-0.006035704661196714,0.12044188019513068,False
WN18RR,TransE,DistMult,Relation-low,relation_mid,0.11889215187743898,0.07666978803898704,0.1740337570419338,True
WN18RR,TransE,ComplEx,Structured-low,relation_mid,0.013983762405916728,-0.018869758843879213,0.05828770637308305,False
WN18RR,TransE,ComplEx,Relation-low,relation_mid,0.10589230622393672,0.07064939843040144,0.15248297380549944,True
WN18RR,TransE,RotatE,Structured-low,relation_mid,-0.001600814386174544,-0.010471305670734506,0.007226522215809688,False
WN18RR,TransE,RotatE,Relation-low,relation_mid,-0.0201390146991645,-0.029452105352727714,-0.010427584617602941,True
WN18RR,DistMult,ComplEx,Structured-low,relation_mid,-0.03810057249129495,-0.12531707487585853,0.04090562347025563,False
WN18RR,DistMult,ComplEx,Relation-low,relation_mid,-0.012999845653502262,-0.08966653342413607,0.053721490849234076,False
WN18RR,DistMult,RotatE,Structured-low,relation_mid,-0.05368514928338622,-0.11946397249610008,0.006898752532660387,False
WN18RR,DistMult,RotatE,Relation-low,relation_mid,-0.13903116657660347,-0.19307739852603018,-0.09755239806319761,True
WN18RR,ComplEx,RotatE,Structured-low,relation_mid,-0.015584576792091272,-0.05467249270480863,0.018055587674458518,False
WN18RR,ComplEx,RotatE,Relation-low,relation_mid,-0.1260313209231012,-0.16735916837291065,-0.0917393219314312,True
WN18RR,TransE,DistMult,Structured-low,coverage_high,0.03481321603133922,0.0012025725110388682,0.07448690510140452,True
WN18RR,TransE,DistMult,Relation-low,coverage_high,0.06670294831531567,0.03713731288346927,0.10534453895402009,True
WN18RR,TransE,ComplEx,Structured-low,coverage_high,0.02535840785040963,-0.00019244592602650533,0.051503987964083404,False
WN18RR,TransE,ComplEx,Relation-low,coverage_high,0.056195979999524054,0.030707285871543658,0.08214533447516198,True
WN18RR,TransE,RotatE,Structured-low,coverage_high,-0.0006840974810560824,-0.008179233660406042,0.00708130223539346,False
WN18RR,TransE,RotatE,Relation-low,coverage_high,0.004031567296383024,-0.007532017050949939,0.016739109383092792,False
WN18RR,DistMult,ComplEx,Structured-low,coverage_high,-0.009454808180929586,-0.06319653489466012,0.03906776573881365,False
WN18RR,DistMult,ComplEx,Relation-low,coverage_high,-0.01050696831579162,-0.055704987837665976,0.027443709696205465,False
WN18RR,DistMult,RotatE,Structured-low,coverage_high,-0.0354973135123953,-0.07466822089496326,-0.0011257095837743027,True
WN18RR,DistMult,RotatE,Relation-low,coverage_high,-0.06267138101893265,-0.093910177433197,-0.0393351517628352,True
WN18RR,ComplEx,RotatE,Structured-low,coverage_high,-0.026042505331465713,-0.05140811231451579,0.002290786063780006,False
WN18RR,ComplEx,RotatE,Relation-low,coverage_high,-0.05216441270314103,-0.07937249673550205,-0.025638784140315323,True
WN18RR,TransE,DistMult,Structured-low,relation_high,0.005877648826583374,-0.004463967481540977,0.015603511742624502,False
WN18RR,TransE,DistMult,Relation-low,relation_high,0.004729552028835411,-0.00598844789869074,0.016366265754633676,False
WN18RR,TransE,ComplEx,Structured-low,relation_high,0.0072808407554477254,-0.0024066577702241652,0.016385553078474214,False
WN18RR,TransE,ComplEx,Relation-low,relation_high,0.005089914031145795,-0.006716980865154879,0.016099492637359665,False
WN18RR,TransE,RotatE,Structured-low,relation_high,0.006195738409541546,-0.001288052739208587,0.013943654056083235,False
WN18RR,TransE,RotatE,Relation-low,relation_high,0.005070631909480939,-0.004891860523379561,0.015273089155635546,False
WN18RR,DistMult,ComplEx,Structured-low,relation_high,0.0014031919288643516,-0.008840844623221242,0.012110518329157435,False
WN18RR,DistMult,ComplEx,Relation-low,relation_high,0.000360362002310384,-0.009641592463559749,0.01071491085518536,False
WN18RR,DistMult,RotatE,Structured-low,relation_high,0.00031808958295817145,-0.0066515880032161365,0.007861087640994857,False
WN18RR,DistMult,RotatE,Relation-low,relation_high,0.00034107988064552806,-0.006761956226500996,0.008025216931314081,False
WN18RR,ComplEx,RotatE,Structured-low,relation_high,-0.0010851023459061801,-0.007623388567791499,0.005501826526537812,False
WN18RR,ComplEx,RotatE,Relation-low,relation_high,-1.9282121664855947e-05,-0.005724122385015774,0.00531927204311118,False
CoDEx-M,TransE,DistMult,Structured-low,overall,-0.005075941438907147,-0.0129506195738885,0.005177400603999314,False
CoDEx-M,TransE,DistMult,Relation-low,overall,-0.014305422986073332,-0.024157248956433747,-0.005330617300642038,True
CoDEx-M,TransE,ComplEx,Structured-low,overall,-0.006169494084405466,-0.01410698765055533,0.0012298365177777246,False
CoDEx-M,TransE,ComplEx,Relation-low,overall,-0.01851612116479827,-0.02856559659853687,-0.008702802043981222,True
CoDEx-M,TransE,RotatE,Structured-low,overall,-0.0020146129804593793,-0.010253331398491765,0.004468792253632295,False
CoDEx-M,TransE,RotatE,Relation-low,overall,0.006658199164233207,-0.0015716646759382084,0.014835785349600695,False
CoDEx-M,DistMult,ComplEx,Structured-low,overall,-0.001093552645498319,-0.01161993460340674,0.007946310960453796,False
CoDEx-M,DistMult,ComplEx,Relation-low,overall,-0.0042106981787249365,-0.01575069525505432,0.0047373537317108635,False
CoDEx-M,DistMult,RotatE,Structured-low,overall,0.003061328458447768,-0.0037719731239211685,0.009637981994206126,False
CoDEx-M,DistMult,RotatE,Relation-low,overall,0.02096362215030654,0.011952140147393235,0.028828857019805143,True
CoDEx-M,ComplEx,RotatE,Structured-low,overall,0.004154881103946087,-0.0025985944110678214,0.011040362000302499,False
CoDEx-M,ComplEx,RotatE,Relation-low,overall,0.025174320329031476,0.014126594273216397,0.03550786331562368,True
CoDEx-M,TransE,DistMult,Structured-low,coverage_low,-0.005713703773606721,-0.016519047824343082,0.005633087323526208,False
CoDEx-M,TransE,DistMult,Relation-low,coverage_low,-0.011533041897877738,-0.025179002456419543,0.002477974976076157,False
CoDEx-M,TransE,ComplEx,Structured-low,coverage_low,-0.004743452307839763,-0.015967028848994685,0.006008826606843288,False
CoDEx-M,TransE,ComplEx,Relation-low,coverage_low,-0.013294184482095822,-0.025366842904668233,-0.00043338267801916317,True
CoDEx-M,TransE,RotatE,Structured-low,coverage_low,0.0012854206788585343,-0.007213314274253566,0.009596103895153349,False
CoDEx-M,TransE,RotatE,Relation-low,coverage_low,0.005668783941272064,-0.0038073847677339598,0.013992727974737456,False
CoDEx-M,DistMult,ComplEx,Structured-low,coverage_low,0.0009702514657669581,-0.011367942131815117,0.014127353566679036,False
CoDEx-M,DistMult,ComplEx,Relation-low,coverage_low,-0.001761142584218084,-0.015182620780966013,0.011765607468131318,False
CoDEx-M,DistMult,RotatE,Structured-low,coverage_low,0.006999124452465255,-0.0012278079843532563,0.01541521294852583,False
CoDEx-M,DistMult,RotatE,Relation-low,coverage_low,0.017201825839149802,0.004842818228847585,0.027944938981811596,True
CoDEx-M,ComplEx,RotatE,Structured-low,coverage_low,0.006028872986698297,-0.005087567531243241,0.016578554409052742,False
CoDEx-M,ComplEx,RotatE,Relation-low,coverage_low,0.018962968423367886,0.007749837522719253,0.030303005913888306,True
CoDEx-M,TransE,DistMult,Structured-low,relation_low,0.008174220415685121,-0.0045881127155722665,0.021407812265327085,False
CoDEx-M,TransE,DistMult,Relation-low,relation_low,-0.040245814076291075,-0.06278341069560223,-0.021497753927445896,True
CoDEx-M,TransE,ComplEx,Structured-low,relation_low,-0.005009213803115073,-0.01707659157111533,0.0074208748256861905,False
CoDEx-M,TransE,ComplEx,Relation-low,relation_low,-0.049833618328848694,-0.07012011531964803,-0.028792364353369456,True
CoDEx-M,TransE,RotatE,Structured-low,relation_low,0.0015844517919765804,-0.006961971024027086,0.010472669274375164,False
CoDEx-M,TransE,RotatE,Relation-low,relation_low,-0.0031119420908235097,-0.01469347365495444,0.00906089712268688,False
CoDEx-M,DistMult,ComplEx,Structured-low,relation_low,-0.013183434218800194,-0.025699394934798767,-0.00019630495232714914,True
CoDEx-M,DistMult,ComplEx,Relation-low,relation_low,-0.009587804252557619,-0.029149939930203247,0.010786653311172494,False
CoDEx-M,DistMult,RotatE,Structured-low,relation_low,-0.006589768623708541,-0.016652278528684658,0.0026188179688840514,False
CoDEx-M,DistMult,RotatE,Relation-low,relation_low,0.03713387198546757,0.024353713299500913,0.05186685860981065,True
CoDEx-M,ComplEx,RotatE,Structured-low,relation_low,0.006593665595091653,-0.0030210973555950863,0.016309084920559984,False
CoDEx-M,ComplEx,RotatE,Relation-low,relation_low,0.04672167623802519,0.030913674362355488,0.06215629118287198,True
CoDEx-M,TransE,DistMult,Structured-low,coverage_mid,-0.005419098641244291,-0.015566586726610798,0.0060484421411548805,False
CoDEx-M,TransE,DistMult,Relation-low,coverage_mid,-0.01250482988054448,-0.025303615421453242,-0.0008415292528223901,True
CoDEx-M,TransE,ComplEx,Structured-low,coverage_mid,-0.003930331651862379,-0.013698348419629013,0.006112744876887448,False
CoDEx-M,TransE,ComplEx,Relation-low,coverage_mid,-0.01747263004642345,-0.029561043363497054,-0.006739170553953432,True
CoDEx-M,TransE,RotatE,Structured-low,coverage_mid,0.0001653146486557712,-0.005784283960290783,0.006996328132638088,False
CoDEx-M,TransE,RotatE,Relation-low,coverage_mid,0.006977201908662429,-0.002116709145051505,0.015215913655288437,False
CoDEx-M,DistMult,ComplEx,Structured-low,coverage_mid,0.0014887669893819122,-0.01125117159512098,0.014168959487313079,False
CoDEx-M,DistMult,ComplEx,Relation-low,coverage_mid,-0.004967800165878972,-0.019128154381183596,0.00822095671155661,False
CoDEx-M,DistMult,RotatE,Structured-low,coverage_mid,0.005584413289900062,-0.003517869705376207,0.014192843756499225,False
CoDEx-M,DistMult,RotatE,Relation-low,coverage_mid,0.01948203178920691,0.008472172309580637,0.029863519777187868,True
CoDEx-M,ComplEx,RotatE,Structured-low,coverage_mid,0.00409564630051815,-0.0047416193811028896,0.012241465443384317,False
CoDEx-M,ComplEx,RotatE,Relation-low,coverage_mid,0.02444983195508588,0.011164452165326057,0.037422127373577536,True
CoDEx-M,TransE,DistMult,Structured-low,relation_mid,-0.008382884939048749,-0.02386711527063899,0.005526502108896678,False
CoDEx-M,TransE,DistMult,Relation-low,relation_mid,-0.02335792211808889,-0.03959182552421235,-0.008437785069832778,True
CoDEx-M,TransE,ComplEx,Structured-low,relation_mid,-0.010101437717725745,-0.02774925651452993,0.0049129587689135615,False
CoDEx-M,TransE,ComplEx,Relation-low,relation_mid,-0.022295181835951236,-0.034352435402389116,-0.009919227245415184,True
CoDEx-M,TransE,RotatE,Structured-low,relation_mid,-0.0015475534353154852,-0.014091492891273105,0.008799848513233292,False
CoDEx-M,TransE,RotatE,Relation-low,relation_mid,0.0006598025098596347,-0.008732916016776447,0.00951431474113561,False
CoDEx-M,DistMult,ComplEx,Structured-low,relation_mid,-0.001718552778676996,-0.025714516016901424,0.01851166263386926,False
CoDEx-M,DistMult,ComplEx,Relation-low,relation_mid,0.001062740282137653,-0.016664620598305306,0.01630702175498378,False
CoDEx-M,DistMult,RotatE,Structured-low,relation_mid,0.0068353315037332635,-0.006672592049007985,0.020484079334477132,False
CoDEx-M,DistMult,RotatE,Relation-low,relation_mid,0.024017724627948524,0.004666065340719183,0.04205655874366868,True
CoDEx-M,ComplEx,RotatE,Structured-low,relation_mid,0.00855388428241026,-0.008289858318472332,0.024172719766835177,False
CoDEx-M,ComplEx,RotatE,Relation-low,relation_mid,0.02295498434581087,0.012079515712379639,0.033334130398169445,True
CoDEx-M,TransE,DistMult,Structured-low,coverage_high,-0.003742194914265279,-0.020131958080849152,0.01431854754686102,False
CoDEx-M,TransE,DistMult,Relation-low,coverage_high,-0.02066174412890709,-0.03352709286363769,-0.007566128455030558,True
CoDEx-M,TransE,ComplEx,Structured-low,coverage_high,-0.011812992914370851,-0.025827532013699063,0.0029924759401145384,False
CoDEx-M,TransE,ComplEx,Relation-low,coverage_high,-0.026243205653427415,-0.042111192668778025,-0.01022144059259381,True
CoDEx-M,TransE,RotatE,Structured-low,coverage_high,-0.00964694170873625,-0.024046766124053143,0.0017307816918362407,False
CoDEx-M,TransE,RotatE,Relation-low,coverage_high,0.007188011608744691,-0.0048713972729056395,0.019701489994346705,False
CoDEx-M,DistMult,ComplEx,Structured-low,coverage_high,-0.008070798000105572,-0.026530082020373182,0.010479594762185747,False
CoDEx-M,DistMult,ComplEx,Relation-low,coverage_high,-0.005581461524520326,-0.023506848529476952,0.010434385809957264,False
CoDEx-M,DistMult,RotatE,Structured-low,coverage_high,-0.0059047467944709706,-0.020309865344510316,0.009430526130265904,False
CoDEx-M,DistMult,RotatE,Relation-low,coverage_high,0.02784975573765178,0.014542994132480013,0.04044192056254729,True
CoDEx-M,ComplEx,RotatE,Structured-low,coverage_high,0.002166051205634602,-0.008102314088197246,0.013259540426015608,False
CoDEx-M,ComplEx,RotatE,Relation-low,coverage_high,0.0334312172621721,0.019347214373035465,0.04673070565507135,True
CoDEx-M,TransE,DistMult,Structured-low,relation_high,-0.0117106509664896,-0.02559895330231997,0.00364702933990923,False
CoDEx-M,TransE,DistMult,Relation-low,relation_high,0.015282390705458934,-0.0003826922817420332,0.0285391290938218,False
CoDEx-M,TransE,ComplEx,Structured-low,relation_high,-0.0028566052331588376,-0.017589749538605592,0.01249576984048436,False
CoDEx-M,TransE,ComplEx,Relation-low,relation_high,0.009561250735009505,-0.004696021951382206,0.024953246383718836,False
CoDEx-M,TransE,RotatE,Structured-low,relation_high,-0.005276341758320535,-0.011879570959240046,0.002150169845589567,False
CoDEx-M,TransE,RotatE,Relation-low,relation_high,0.020569743455981244,0.010214989600404454,0.030479281970424918,True
CoDEx-M,DistMult,ComplEx,Structured-low,relation_high,0.008854045733330762,-0.008352266466117041,0.028552791554130794,False
CoDEx-M,DistMult,ComplEx,Relation-low,relation_high,-0.005721139970449429,-0.024199188518590334,0.013024180279571446,False
CoDEx-M,DistMult,RotatE,Structured-low,relation_high,0.0064343092081690645,-0.005663243539156988,0.018115387631555003,False
CoDEx-M,DistMult,RotatE,Relation-low,relation_high,0.00528735275052231,-0.006823860342488637,0.017280105249340448,False
CoDEx-M,ComplEx,RotatE,Structured-low,relation_high,-0.0024197365251616976,-0.016190107136450225,0.01173456581443214,False
CoDEx-M,ComplEx,RotatE,Relation-low,relation_high,0.011008492720971739,-0.006889743719964006,0.030633654371749277,False
