dataset,model,condition,slice,mean,ci_low,ci_high,n_deletion_realizations,n_training_seeds,n_queries
WN18RR,TransE,Original,overall,0.12888178553240257,0.12060887202601775,0.1378310309951782,1,3,3134
WN18RR,TransE,Random,overall,0.13095351369892413,0.12364816245662445,0.13841163228813727,3,3,3134
WN18RR,TransE,Structured-low,overall,0.1267661139177077,0.11962278389604575,0.13387931778709486,3,3,3134
WN18RR,TransE,Relation-low,overall,0.11467651404307512,0.1077344145073281,0.12200563929766038,3,3,3134
WN18RR,DistMult,Original,overall,0.22074737752008838,0.19855901116752894,0.24122114363222052,1,3,3134
WN18RR,DistMult,Random,overall,0.13526352520686571,0.11372725060381762,0.1546168999772682,3,3,3134
WN18RR,DistMult,Structured-low,overall,0.15482840592136846,0.14011967709461787,0.17006344160564987,3,3,3134
WN18RR,DistMult,Relation-low,overall,0.16924556110363456,0.15777768978770573,0.18038301129418388,3,3,3134
WN18RR,ComplEx,Original,overall,0.31818972662325234,0.29078630909358366,0.34211299594888944,1,3,3134
WN18RR,ComplEx,Random,overall,0.21729815871771907,0.20021014180045635,0.2324627948542058,3,3,3134
WN18RR,ComplEx,Structured-low,overall,0.22387912119238781,0.20952414397998614,0.23731269982797928,3,3,3134
WN18RR,ComplEx,Relation-low,overall,0.240031022636401,0.2259914048062922,0.2536514742784988,3,3,3134
WN18RR,RotatE,Original,overall,0.0022628343250678156,0.0015881488222555778,0.0031986046612184453,1,3,3134
WN18RR,RotatE,Random,overall,0.003058598012772396,0.0021230944417550495,0.004356461187249007,3,3,3134
WN18RR,RotatE,Structured-low,overall,0.0029892389088234236,0.0022071044649966394,0.004020361049233705,3,3,3134
WN18RR,RotatE,Relation-low,overall,0.002733474284857841,0.001790256026245598,0.0038369829912613365,3,3,3134
WN18RR,TransE,Original,coverage_low,0.08930731029015258,0.07569734082733885,0.1040765736993214,1,3,892
WN18RR,TransE,Random,coverage_low,0.10769765195951708,0.0920371747715767,0.12390482850277967,3,3,892
WN18RR,TransE,Structured-low,coverage_low,0.10113227870327661,0.08604269692845841,0.11649851027884435,3,3,892
WN18RR,TransE,Relation-low,coverage_low,0.0792433813486464,0.06477966297322309,0.09439250207962413,3,3,892
WN18RR,DistMult,Original,coverage_low,0.07073118816668965,0.054673454335548356,0.0876799771702905,1,3,892
WN18RR,DistMult,Random,coverage_low,0.0558009246452349,0.04249738974837373,0.07187347294378939,3,3,892
WN18RR,DistMult,Structured-low,coverage_low,0.05897539428364184,0.04636963462086185,0.07318323661598457,3,3,892
WN18RR,DistMult,Relation-low,coverage_low,0.04767064638132409,0.03656407423502539,0.05972906104474403,3,3,892
WN18RR,ComplEx,Original,coverage_low,0.08675993170678387,0.06908633237012987,0.1064625205605224,1,3,892
WN18RR,ComplEx,Random,coverage_low,0.06613398582344947,0.05223166093812997,0.08205792550868582,3,3,892
WN18RR,ComplEx,Structured-low,coverage_low,0.0687897699364337,0.054968008604137655,0.0848270668426621,3,3,892
WN18RR,ComplEx,Relation-low,coverage_low,0.05720138647941894,0.04427392770909707,0.07169297112241049,3,3,892
WN18RR,RotatE,Original,coverage_low,0.0016821208018203667,0.0006468338052598271,0.003228752392169306,1,3,892
WN18RR,RotatE,Random,coverage_low,0.0024157875496191275,0.0012707996152794554,0.0042838185449236964,3,3,892
WN18RR,RotatE,Structured-low,coverage_low,0.0018414099602777855,0.0009584259666531728,0.0034783138263152426,3,3,892
WN18RR,RotatE,Relation-low,coverage_low,0.0017869544149562116,0.0010113989702032807,0.003163960657345215,3,3,892
WN18RR,TransE,Original,relation_low,0.11517379360716323,0.09898791596705706,0.1323745483931743,1,3,809
WN18RR,TransE,Random,relation_low,0.12622686279398734,0.11093611782714184,0.14209573516831053,3,3,809
WN18RR,TransE,Structured-low,relation_low,0.11763027404078974,0.10273577457995565,0.13241065250254264,3,3,809
WN18RR,TransE,Relation-low,relation_low,0.04407876839506868,0.033905728343196266,0.05478361487976471,3,3,809
WN18RR,DistMult,Original,relation_low,0.10006000810998468,0.07607291160512328,0.12436733895142875,1,3,809
WN18RR,DistMult,Random,relation_low,0.061304314725990086,0.04624859496208321,0.07696333297898224,3,3,809
WN18RR,DistMult,Structured-low,relation_low,0.06648786529531751,0.04843638240713002,0.08747986390200863,3,3,809
WN18RR,DistMult,Relation-low,relation_low,0.008705017258420798,0.004652814548976592,0.013924557515802063,3,3,809
WN18RR,ComplEx,Original,relation_low,0.12747873945230606,0.10461664308472303,0.15050733962559773,1,3,809
WN18RR,ComplEx,Random,relation_low,0.08599416388123489,0.06903953279897103,0.10351244440812016,3,3,809
WN18RR,ComplEx,Structured-low,relation_low,0.08929022617985961,0.07227882295485086,0.10840325629978438,3,3,809
WN18RR,ComplEx,Relation-low,relation_low,0.006517383580101869,0.003790979216532923,0.010225965388982133,3,3,809
WN18RR,RotatE,Original,relation_low,0.0021351248181223706,0.0011608850498752016,0.003603973220241548,1,3,809
WN18RR,RotatE,Random,relation_low,0.0023816830364573323,0.001381529078377062,0.004026016506746702,3,3,809
WN18RR,RotatE,Structured-low,relation_low,0.0022824309742006453,0.001242175910410201,0.004244073493549385,3,3,809
WN18RR,RotatE,Relation-low,relation_low,0.0009247140099596137,0.00042215252851199927,0.00187462555827223,3,3,809
WN18RR,TransE,Original,coverage_mid,0.15201304900020793,0.13892338974861806,0.16625914473060102,1,3,1167
WN18RR,TransE,Random,coverage_mid,0.14832501378713006,0.136719446247549,0.16010597119678557,3,3,1167
WN18RR,TransE,Structured-low,coverage_mid,0.14098368201150147,0.13009323624218386,0.15296340398411626,3,3,1167
WN18RR,TransE,Relation-low,coverage_mid,0.12958973575162938,0.11742479177864593,0.1422510224634467,3,3,1167
WN18RR,DistMult,Original,coverage_mid,0.2768520515286,0.24394510958840543,0.3072633345869479,1,3,1167
WN18RR,DistMult,Random,coverage_mid,0.1700524326952338,0.13825727581098413,0.19878779745597008,3,3,1167
WN18RR,DistMult,Structured-low,coverage_mid,0.18698487982094938,0.16146033556879805,0.21118101449832422,3,3,1167
WN18RR,DistMult,Relation-low,coverage_mid,0.20930956837820072,0.18805041590711377,0.23127628653859558,3,3,1167
WN18RR,ComplEx,Original,coverage_mid,0.3772201923569859,0.34489467434144816,0.40808329931656495,1,3,1167
WN18RR,ComplEx,Random,coverage_mid,0.2616311825387166,0.23726648343720894,0.2844912627200274,3,3,1167
WN18RR,ComplEx,Structured-low,coverage_mid,0.25280097886712005,0.23220911963595872,0.2746009203928749,3,3,1167
WN18RR,ComplEx,Relation-low,coverage_mid,0.2809703716609453,0.25739647229353263,0.3049915788844739,3,3,1167
WN18RR,RotatE,Original,coverage_mid,0.002140554753799146,0.0013257555902133366,0.0032033333642458818,1,3,1167
WN18RR,RotatE,Random,coverage_mid,0.0027811893674989175,0.0015615716915647008,0.004787276047275195,3,3,1167
WN18RR,RotatE,Structured-low,coverage_mid,0.0025498628530678195,0.0014254651557891618,0.004033531308669978,3,3,1167
WN18RR,RotatE,Relation-low,coverage_mid,0.0019027700173088716,0.0008717273461063968,0.0033676892787211535,3,3,1167
WN18RR,TransE,Original,relation_mid,0.18656668887167155,0.17517306716178876,0.19905758378562727,1,3,1074
WN18RR,TransE,Random,relation_mid,0.18902513863880638,0.18015241759739475,0.1981660232657176,3,3,1074
WN18RR,TransE,Structured-low,relation_mid,0.19040282023314917,0.18117118283748465,0.19966264877931447,3,3,1074
WN18RR,TransE,Relation-low,relation_mid,0.20888524153410168,0.19952695536007295,0.2185691575295444,3,3,1074
WN18RR,DistMult,Original,relation_mid,0.5186346828126722,0.4774619346979048,0.5596634596524,1,3,1074
WN18RR,DistMult,Random,relation_mid,0.3214594626613891,0.2711947968393059,0.36611746489092606,3,3,1074
WN18RR,DistMult,Structured-low,relation_mid,0.37492147915294355,0.3430834577386205,0.4084354041973561,3,3,1074
WN18RR,DistMult,Relation-low,relation_mid,0.46021171743412337,0.4379628357468789,0.4831375976638288,3,3,1074
WN18RR,ComplEx,Original,relation_mid,0.7715138564334123,0.7111097817657082,0.8201773233679068,1,3,1074
WN18RR,ComplEx,Random,relation_mid,0.539739302015497,0.508081628410584,0.5686463598445639,3,3,1074
WN18RR,ComplEx,Structured-low,relation_mid,0.5551007460157565,0.526983045789929,0.5808445298209158,3,3,1074
WN18RR,ComplEx,Relation-low,relation_mid,0.665491711134729,0.6392743915247766,0.6904729131142227,3,3,1074
WN18RR,RotatE,Original,relation_mid,0.001639473743263844,0.0006157511927112004,0.0037151216718925195,1,3,1074
WN18RR,RotatE,Random,relation_mid,0.0033575423886143476,0.0016264637775019657,0.005895310059683288,3,3,1074
WN18RR,RotatE,Structured-low,relation_mid,0.0031344095967825924,0.001502044541231247,0.005499485884364754,3,3,1074
WN18RR,RotatE,Relation-low,relation_mid,0.003078630584745148,0.001547048691569316,0.005286602823123777,3,3,1074
WN18RR,TransE,Original,coverage_high,0.13660852734557294,0.12494300931306526,0.14904020443679492,1,3,1075
WN18RR,TransE,Random,coverage_high,0.1313922932976355,0.12132758355378577,0.14239672735007083,3,3,1075
WN18RR,TransE,Structured-low,coverage_high,0.1326019083789311,0.12215586880888135,0.14359330361394482,3,3,1075
WN18RR,TransE,Relation-low,coverage_high,0.1278882578845147,0.11751160927056582,0.13869727524729733,3,3,1075
WN18RR,DistMult,Original,coverage_high,0.2843197369017615,0.2546366227056041,0.31660678544264953,1,3,1075
WN18RR,DistMult,Random,coverage_high,0.1634328132645859,0.13789339388143698,0.1888514707927186,3,3,1075
WN18RR,DistMult,Structured-low,coverage_high,0.19945564437722071,0.17812386876103092,0.2227335983100032,3,3,1075
WN18RR,DistMult,Relation-low,coverage_high,0.22663172616678076,0.20695598415766828,0.24700379543523843,3,3,1075
WN18RR,ComplEx,Original,coverage_high,0.44614026016206426,0.39600018561048733,0.48898321227339187,1,3,1075
WN18RR,ComplEx,Random,coverage_high,0.2946021619015184,0.26692378657302823,0.3219296805069457,3,3,1075
WN18RR,ComplEx,Structured-low,coverage_high,0.3211701848332236,0.2954475869249477,0.34616400575556305,3,3,1075
WN18RR,ComplEx,Relation-low,coverage_high,0.34729410648792164,0.3226112342981521,0.37330291829595236,3,3,1075
WN18RR,RotatE,Original,coverage_high,0.002877435927307129,0.0016362565555521512,0.0047904433459010475,1,3,1075
WN18RR,RotatE,Random,coverage_high,0.0038931308706020387,0.0023050009553023574,0.006347637600030158,3,3,1075
WN18RR,RotatE,Structured-low,coverage_high,0.004418648470841563,0.002799143324268162,0.006425854750311711,3,3,1075
WN18RR,RotatE,Relation-low,coverage_high,0.004420662753864259,0.0027027866099607217,0.006777554057082877,3,3,1075
WN18RR,TransE,Original,relation_high,0.08822325578111859,0.07671665303047018,0.10043059179801765,1,3,1251
WN18RR,TransE,Random,relation_high,0.08415490090648632,0.072848081832077,0.09675252597335757,3,3,1251
WN18RR,TransE,Structured-low,relation_high,0.07804115138984397,0.06578236083685951,0.09092080267189677,3,3,1251
WN18RR,TransE,Relation-low,relation_high,0.07945141644425395,0.06791653707764782,0.09159400623535915,3,3,1251
WN18RR,DistMult,Original,relation_high,0.04305362529669828,0.03342151554504004,0.05275793831062291,1,3,1251
WN18RR,DistMult,Random,relation_high,0.023239995592853196,0.016205840994252554,0.031645566901333806,3,3,1251
WN18RR,DistMult,Structured-low,relation_high,0.023003894902794215,0.016750173654285147,0.03041510031678552,3,3,1251
WN18RR,DistMult,Relation-low,relation_high,0.023266063159456236,0.01732275601931977,0.029734150976662967,3,3,1251
WN18RR,ComplEx,Original,relation_high,0.05233446939318338,0.04147655788025919,0.0638405247975471,1,3,1251
WN18RR,ComplEx,Random,relation_high,0.025390200221238016,0.0185429541439275,0.03252622987757591,3,3,1251
WN18RR,ComplEx,Structured-low,relation_high,0.026557291460043386,0.01903543997948311,0.03499598738564308,3,3,1251
WN18RR,ComplEx,Relation-low,relation_high,0.02577662979015144,0.019415272233073558,0.03282551084146878,3,3,1251
WN18RR,RotatE,Original,relation_high,0.00288058512920557,0.0017169452621574853,0.004594094030326395,1,3,1251
WN18RR,RotatE,Random,relation_high,0.003239699496533092,0.002038513451405879,0.004929164045388734,3,3,1251
WN18RR,RotatE,Structured-low,relation_high,0.0033216883894322817,0.002131966138699937,0.004855362227962951,3,3,1251
WN18RR,RotatE,Relation-low,relation_high,0.00360684694378166,0.0022107390386276508,0.005354654895666065,3,3,1251
CoDEx-M,TransE,Original,overall,0.092905604376569,0.08864645858353776,0.09700118418027118,1,3,10311
CoDEx-M,TransE,Random,overall,0.09437016982031965,0.08991982739464409,0.099197676246104,3,3,10311
CoDEx-M,TransE,Structured-low,overall,0.09434102814321275,0.08942110372741063,0.09961676782048036,3,3,10311
CoDEx-M,TransE,Relation-low,overall,0.10264780901976166,0.09860428041157776,0.10641677335153597,3,3,10311
CoDEx-M,DistMult,Original,overall,0.2660140457511166,0.25690701346077616,0.274934190212443,1,3,10311
CoDEx-M,DistMult,Random,overall,0.2625590027288707,0.25562648394958176,0.2690638805019376,3,3,10311
CoDEx-M,DistMult,Structured-low,overall,0.2574539196128567,0.2502706283537238,0.2655086255747668,3,3,10311
CoDEx-M,DistMult,Relation-low,overall,0.2565312189422394,0.2469359885664016,0.266092987369927,3,3,10311
CoDEx-M,ComplEx,Original,overall,0.2626573535706919,0.2545486130610632,0.2700129214980951,1,3,10311
CoDEx-M,ComplEx,Random,overall,0.2583000334264777,0.2495853974384385,0.2665765605100452,3,3,10311
CoDEx-M,ComplEx,Structured-low,overall,0.25210139766496537,0.24159982395542193,0.26038025628029604,3,3,10311
CoDEx-M,ComplEx,Relation-low,overall,0.24806155146112147,0.24083608167171638,0.255105289316097,3,3,10311
CoDEx-M,RotatE,Original,overall,0.019789632940604786,0.018240263953170428,0.021505575489630988,1,3,10311
CoDEx-M,RotatE,Random,overall,0.019703201929749933,0.018297484139201854,0.021369596988840122,3,3,10311
CoDEx-M,RotatE,Structured-low,overall,0.01765944727218366,0.016595364881769666,0.018774943294825132,3,3,10311
CoDEx-M,RotatE,Relation-low,overall,0.03463904029342515,0.025114974598692507,0.04343276776158864,3,3,10311
CoDEx-M,TransE,Original,coverage_low,0.0797834312261969,0.07433382747539699,0.08533687133974933,1,3,2937
CoDEx-M,TransE,Random,coverage_low,0.08190245402259637,0.07631431053151347,0.0876603392343567,3,3,2937
CoDEx-M,TransE,Structured-low,coverage_low,0.07818111448867461,0.07305230787390185,0.08372092575343576,3,3,2937
CoDEx-M,TransE,Relation-low,coverage_low,0.08988839276541162,0.08450580218713728,0.09546272446484169,3,3,2937
CoDEx-M,DistMult,Original,coverage_low,0.26193179227658486,0.24718580434766002,0.2763801595518081,1,3,2937
CoDEx-M,DistMult,Random,coverage_low,0.2534188545883511,0.24121326935664084,0.2655824377794292,3,3,2937
CoDEx-M,DistMult,Structured-low,coverage_low,0.24398381128082264,0.23226952282910038,0.2558522873896533,3,3,2937
CoDEx-M,DistMult,Relation-low,coverage_low,0.24987175143328863,0.23785775059428646,0.26139301629582434,3,3,2937
CoDEx-M,ComplEx,Original,coverage_low,0.24817389293494288,0.23576348515106113,0.26029974636263614,1,3,2937
CoDEx-M,ComplEx,Random,coverage_low,0.24589126538336908,0.2339899531064868,0.25875375935006856,3,3,2937
CoDEx-M,ComplEx,Structured-low,coverage_low,0.23742647354160756,0.22316675634711403,0.25147527627695054,3,3,2937
CoDEx-M,ComplEx,Relation-low,coverage_low,0.2405830196440885,0.22896268137296025,0.2520181994425206,3,3,2937
CoDEx-M,RotatE,Original,coverage_low,0.015355874111796857,0.012808451852287663,0.018394220216840996,1,3,2937
CoDEx-M,RotatE,Random,coverage_low,0.01444095217122424,0.012446955363012276,0.0171789206989908,3,3,2937
CoDEx-M,RotatE,Structured-low,coverage_low,0.012005033316161016,0.010606701486861058,0.013504984831578776,3,3,2937
CoDEx-M,RotatE,Relation-low,coverage_low,0.028095674855311555,0.02057789483457273,0.03543408620108316,3,3,2937
CoDEx-M,TransE,Original,relation_low,0.11758403940245644,0.11036573917648565,0.12523975086924177,1,3,2790
CoDEx-M,TransE,Random,relation_low,0.12522258075248222,0.1159898926937324,0.13501968914896587,3,3,2790
CoDEx-M,TransE,Structured-low,relation_low,0.12344605563478865,0.1157753177293974,0.1313190113907632,3,3,2790
CoDEx-M,TransE,Relation-low,relation_low,0.13116049451086942,0.1224952872990058,0.14019045723374218,3,3,2790
CoDEx-M,DistMult,Original,relation_low,0.27932024563072094,0.26715364086303056,0.2915904520645931,1,3,2790
CoDEx-M,DistMult,Random,relation_low,0.27050456584983473,0.25775459576193943,0.28439223699597704,3,3,2790
CoDEx-M,DistMult,Structured-low,relation_low,0.2769022611478263,0.26370717330702254,0.29009528711349597,3,3,2790
CoDEx-M,DistMult,Relation-low,relation_low,0.23619666553193086,0.22111559082616494,0.25096948593404417,3,3,2790
CoDEx-M,ComplEx,Original,relation_low,0.2714090601972441,0.25802279340785744,0.28536899181502656,1,3,2790
CoDEx-M,ComplEx,Random,relation_low,0.2677222678010233,0.2526380723445889,0.2827362874735192,3,3,2790
CoDEx-M,ComplEx,Structured-low,relation_low,0.2609365288802147,0.2470787484752836,0.27452022420925215,3,3,2790
CoDEx-M,ComplEx,Relation-low,relation_low,0.22382656323056183,0.21090161332985788,0.23700005775395855,3,3,2790
CoDEx-M,RotatE,Original,relation_low,0.011555847358421686,0.009644758359948522,0.013901700344186047,1,3,2790
CoDEx-M,RotatE,Random,relation_low,0.011085338896972967,0.009159030369402561,0.0130661982707893,3,3,2790
CoDEx-M,RotatE,Structured-low,relation_low,0.010893265571255983,0.00904658868864038,0.012935894481515083,3,3,2790
CoDEx-M,RotatE,Relation-low,relation_low,0.01391131056453666,0.008628695506630318,0.01901411251903534,3,3,2790
CoDEx-M,TransE,Original,coverage_mid,0.08856944024807081,0.08311125259176719,0.09455307668560017,1,3,4748
CoDEx-M,TransE,Random,coverage_mid,0.09073114189445543,0.08509437821045897,0.09643462051672612,3,3,4748
CoDEx-M,TransE,Structured-low,coverage_mid,0.08820245185298316,0.08320765430501575,0.0937524722314737,3,3,4748
CoDEx-M,TransE,Relation-low,coverage_mid,0.09907325147196391,0.09421129914224365,0.10440316129407097,3,3,4748
CoDEx-M,DistMult,Original,coverage_mid,0.26262524290205813,0.24971570910280033,0.275695126203175,1,3,4748
CoDEx-M,DistMult,Random,coverage_mid,0.2602536666425075,0.25095223267612127,0.2697921299326683,3,3,4748
CoDEx-M,DistMult,Structured-low,coverage_mid,0.2523058779597909,0.24263671457012612,0.26213330095560966,3,3,4748
CoDEx-M,DistMult,Relation-low,coverage_mid,0.2560909463394715,0.24409828051948765,0.26734738784094636,3,3,4748
CoDEx-M,ComplEx,Original,coverage_mid,0.25910505451100524,0.24939991328134067,0.26843353459917796,1,3,4748
CoDEx-M,ComplEx,Random,coverage_mid,0.2538154281795195,0.24197755029181914,0.26523663150182997,3,3,4748
CoDEx-M,ComplEx,Structured-low,coverage_mid,0.24735640648618487,0.237315488662687,0.25728317891278896,3,3,4748
CoDEx-M,ComplEx,Relation-low,coverage_mid,0.24468490771060455,0.23527231638128143,0.25399357949251733,3,3,4748
CoDEx-M,RotatE,Original,coverage_mid,0.01859984203869093,0.01644093461653507,0.021014347745925428,1,3,4748
CoDEx-M,RotatE,Random,coverage_mid,0.01946025991116494,0.017627624288445925,0.021489086825389227,3,3,4748
CoDEx-M,RotatE,Structured-low,coverage_mid,0.01709688451834844,0.015430800106570837,0.01894713536561049,3,3,4748
CoDEx-M,RotatE,Relation-low,coverage_mid,0.034779571397335854,0.02474827019512258,0.04377609543107415,3,3,4748
CoDEx-M,TransE,Original,relation_mid,0.09961079330197964,0.0923516309754101,0.10628301517834166,1,3,3886
CoDEx-M,TransE,Random,relation_mid,0.09890168929590173,0.0925619201220045,0.10535868141354461,3,3,3886
CoDEx-M,TransE,Structured-low,relation_mid,0.09973897111314574,0.09087520849577553,0.10835960055963262,3,3,3886
CoDEx-M,TransE,Relation-low,relation_mid,0.11324989913462848,0.10541155331740441,0.12081832987217238,3,3,3886
CoDEx-M,DistMult,Original,relation_mid,0.2757083510451755,0.2629226381127836,0.2895131734057105,1,3,3886
CoDEx-M,DistMult,Random,relation_mid,0.27025316778002223,0.25824494052309865,0.2826477680980041,3,3,3886
CoDEx-M,DistMult,Structured-low,relation_mid,0.2627075646582175,0.24754795020694018,0.27713871654199607,3,3,3886
CoDEx-M,DistMult,Relation-low,relation_mid,0.2612434555006601,0.24362089231746897,0.27670739706000763,3,3,3886
CoDEx-M,ComplEx,Original,relation_mid,0.27163293059698346,0.26081484873049054,0.2822566858922703,1,3,3886
CoDEx-M,ComplEx,Random,relation_mid,0.2624954967026026,0.251844840695737,0.27419890704473676,3,3,3886
CoDEx-M,ComplEx,Structured-low,relation_mid,0.25323134080212084,0.23605124969850882,0.26869066413515946,3,3,3886
CoDEx-M,ComplEx,Relation-low,relation_mid,0.2545485247053781,0.24214307013787462,0.26793360199270755,3,3,3886
CoDEx-M,RotatE,Original,relation_mid,0.01633427569268084,0.013582660467793588,0.019638072477976557,1,3,3886
CoDEx-M,RotatE,Random,relation_mid,0.01674278749120215,0.01477913775073728,0.018999013534894724,3,3,3886
CoDEx-M,RotatE,Structured-low,relation_mid,0.01603251587313067,0.014395043372889464,0.01784302122778816,3,3,3886
CoDEx-M,RotatE,Relation-low,relation_mid,0.03175079983978853,0.021410643130295396,0.04231821578568567,3,3,3886
CoDEx-M,TransE,Original,coverage_high,0.11542195236771613,0.10770675128356275,0.1235884094975523,1,3,2626
CoDEx-M,TransE,Random,coverage_high,0.114894079146259,0.10715548422760547,0.1225954309271621,3,3,2626
CoDEx-M,TransE,Structured-low,coverage_high,0.12351377248037514,0.11334549331057164,0.13461355069895314,3,3,2626
CoDEx-M,TransE,Relation-low,coverage_high,0.12338139804336014,0.11466164491633632,0.1321544984444997,3,3,2626
CoDEx-M,DistMult,Original,coverage_high,0.27670696821190455,0.2655780991089292,0.2878055371786304,1,3,2626
CoDEx-M,DistMult,Random,coverage_high,0.27694984462786526,0.26598538613910266,0.2882577690028272,3,3,2626
CoDEx-M,DistMult,Structured-low,coverage_high,0.2818273430477161,0.2665397808482942,0.2976661762078148,3,3,2626
CoDEx-M,DistMult,Relation-low,coverage_high,0.2647754193960593,0.2504137466610523,0.2797637193301664,3,3,2626
CoDEx-M,ComplEx,Original,coverage_high,0.2852789224292555,0.27356922113827276,0.29738130494875537,1,3,2626
CoDEx-M,ComplEx,Random,coverage_high,0.28028687937284785,0.2683662228483111,0.29197917019765113,3,3,2626
CoDEx-M,ComplEx,Structured-low,coverage_high,0.27709357979259314,0.26220468804708613,0.29050407803859407,3,3,2626
CoDEx-M,ComplEx,Relation-low,coverage_high,0.2625309926165216,0.25125880478093376,0.27473121140650275,3,3,2626
CoDEx-M,RotatE,Original,coverage_high,0.026899715531044956,0.023422288639804473,0.030396265739755974,1,3,2626
CoDEx-M,RotatE,Random,coverage_high,0.02602792251049309,0.023418210414808693,0.028723609962174396,3,3,2626
CoDEx-M,RotatE,Structured-low,coverage_high,0.025000674135872977,0.022551887737957126,0.027596365553039733,3,3,2626
CoDEx-M,RotatE,Relation-low,coverage_high,0.04170325301633892,0.02995492228396904,0.05206443840206435,3,3,2626
CoDEx-M,TransE,Original,relation_high,0.06679578377509122,0.06227812579579293,0.07173672189542325,1,3,3635
CoDEx-M,TransE,Random,relation_high,0.06584535243851895,0.06167102636741344,0.06995904450437643,3,3,3635
CoDEx-M,TransE,Structured-low,relation_high,0.06623114283849295,0.06091250731502626,0.07158435709770823,3,3,3635
CoDEx-M,TransE,Relation-low,relation_high,0.06942907044849253,0.06484871610150718,0.07512434111308569,3,3,3635
CoDEx-M,DistMult,Original,relation_high,0.24543732827193937,0.22724763702804643,0.2606286570782432,1,3,3635
CoDEx-M,DistMult,Random,relation_high,0.24823502845204445,0.23424250196140167,0.26180036805767004,3,3,3635
CoDEx-M,DistMult,Structured-low,relation_high,0.23691016788552885,0.2263904243225505,0.24710721099646968,3,3,3635
CoDEx-M,DistMult,Relation-low,relation_high,0.26710113716747697,0.25021517073499755,0.28307159735634163,3,3,3635
CoDEx-M,ComplEx,Original,relation_high,0.24634473904187512,0.226852876742022,0.26316102606971437,1,3,3635
CoDEx-M,ComplEx,Random,relation_high,0.2465829483656791,0.23246514673233856,0.26676731481922156,3,3,3635
CoDEx-M,ComplEx,Structured-low,relation_high,0.24411213353249425,0.2305364924814607,0.2564320550253997,3,3,3635
CoDEx-M,ComplEx,Relation-low,relation_high,0.2597279171106622,0.24543003085397905,0.2781643340150481,3,3,3635
CoDEx-M,RotatE,Original,relation_high,0.02980332758702111,0.024655551104767432,0.03588665759729523,1,3,3635
CoDEx-M,RotatE,Random,relation_high,0.029482571494989115,0.026792551450320747,0.03234246581547304,3,3,3635
CoDEx-M,RotatE,Structured-low,relation_high,0.024592020136642575,0.02182147884330339,0.027358305144851464,3,3,3635
CoDEx-M,RotatE,Relation-low,relation_high,0.053636032960943936,0.042968128635949863,0.06433831529982204,3,3,3635
