dataset,model_a,model_b,condition_a,condition_b,slice,gap_a,gap_a_ci_low,gap_a_ci_high,gap_b,gap_b_ci_low,gap_b_ci_high,supported
WN18RR,TransE,DistMult,Random,Structured-low,overall,-0.00431001150794158,-0.02359994469139006,0.018111382391692337,-0.028062292003660755,-0.04308824656358058,-0.013322485715588049,False
WN18RR,TransE,DistMult,Random,Relation-low,overall,-0.00431001150794158,-0.02359994469139006,0.018111382391692337,-0.05456904706055944,-0.06431592731645162,-0.044421655071351304,False
WN18RR,TransE,DistMult,Structured-low,Relation-low,overall,-0.028062292003660755,-0.04308824656358058,-0.013322485715588049,-0.05456904706055944,-0.06431592731645162,-0.044421655071351304,False
WN18RR,TransE,ComplEx,Random,Structured-low,overall,-0.08634464501879494,-0.1002569685487637,-0.06990614502518343,-0.09711300727468011,-0.10974274697842731,-0.08339344336916378,False
WN18RR,TransE,ComplEx,Random,Relation-low,overall,-0.08634464501879494,-0.1002569685487637,-0.06990614502518343,-0.12535450859332586,-0.137065721656966,-0.11307592768992683,False
WN18RR,TransE,ComplEx,Structured-low,Relation-low,overall,-0.09711300727468011,-0.10974274697842731,-0.08339344336916378,-0.12535450859332586,-0.137065721656966,-0.11307592768992683,False
WN18RR,TransE,RotatE,Random,Structured-low,overall,0.12789491568615174,0.12050902417459614,0.13545469822319978,0.12377687500888428,0.11659566658347192,0.13089918238251427,False
WN18RR,TransE,RotatE,Random,Relation-low,overall,0.12789491568615174,0.12050902417459614,0.13545469822319978,0.11194303975821727,0.10477591018202759,0.11933868801517206,False
WN18RR,TransE,RotatE,Structured-low,Relation-low,overall,0.12377687500888428,0.11659566658347192,0.13089918238251427,0.11194303975821727,0.10477591018202759,0.11933868801517206,False
WN18RR,DistMult,ComplEx,Random,Structured-low,overall,-0.08203463351085336,-0.10829973526634469,-0.058343222996586584,-0.06905071527101936,-0.08480030120636053,-0.051143799868518816,False
WN18RR,DistMult,ComplEx,Random,Relation-low,overall,-0.08203463351085336,-0.10829973526634469,-0.058343222996586584,-0.07078546153276644,-0.08069900193324978,-0.06083692439211021,False
WN18RR,DistMult,ComplEx,Structured-low,Relation-low,overall,-0.06905071527101936,-0.08480030120636053,-0.051143799868518816,-0.07078546153276644,-0.08069900193324978,-0.06083692439211021,False
WN18RR,DistMult,RotatE,Random,Structured-low,overall,0.13220492719409332,0.11065891144134275,0.1514107812315948,0.15183916701254505,0.13733286645318818,0.16679650196760054,False
WN18RR,DistMult,RotatE,Random,Relation-low,overall,0.13220492719409332,0.11065891144134275,0.1514107812315948,0.16651208681877672,0.1551564134301568,0.17757178170438145,False
WN18RR,DistMult,RotatE,Structured-low,Relation-low,overall,0.15183916701254505,0.13733286645318818,0.16679650196760054,0.16651208681877672,0.1551564134301568,0.17757178170438145,False
WN18RR,ComplEx,RotatE,Random,Structured-low,overall,0.21423956070494668,0.19749128433233665,0.22935069995307664,0.2208898822835644,0.2067113277688623,0.23419801358920142,False
WN18RR,ComplEx,RotatE,Random,Relation-low,overall,0.21423956070494668,0.19749128433233665,0.22935069995307664,0.23729754835154315,0.2232373452213885,0.2507593780296676,False
WN18RR,ComplEx,RotatE,Structured-low,Relation-low,overall,0.2208898822835644,0.2067113277688623,0.23419801358920142,0.23729754835154315,0.2232373452213885,0.2507593780296676,False
WN18RR,TransE,DistMult,Random,Structured-low,coverage_low,0.05189672731428218,0.033960715769757274,0.06868463735368846,0.04215688441963477,0.028349311388920138,0.05527753237097208,False
WN18RR,TransE,DistMult,Random,Relation-low,coverage_low,0.05189672731428218,0.033960715769757274,0.06868463735368846,0.03157273496732232,0.01937765370492158,0.04445768280768877,False
WN18RR,TransE,DistMult,Structured-low,Relation-low,coverage_low,0.04215688441963477,0.028349311388920138,0.05527753237097208,0.03157273496732232,0.01937765370492158,0.04445768280768877,False
WN18RR,TransE,ComplEx,Random,Structured-low,coverage_low,0.041563666136067615,0.025879753881564556,0.05780844447923565,0.032342508766842915,0.01748870697797762,0.04661428866381213,False
WN18RR,TransE,ComplEx,Random,Relation-low,coverage_low,0.041563666136067615,0.025879753881564556,0.05780844447923565,0.022041994869227463,0.009063321959095944,0.03540648202226105,False
WN18RR,TransE,ComplEx,Structured-low,Relation-low,coverage_low,0.032342508766842915,0.01748870697797762,0.04661428866381213,0.022041994869227463,0.009063321959095944,0.03540648202226105,False
WN18RR,TransE,RotatE,Random,Structured-low,coverage_low,0.10528186440989795,0.08957887410456682,0.12135784549602986,0.09929086874299882,0.08430965004908289,0.11455296365766246,False
WN18RR,TransE,RotatE,Random,Relation-low,coverage_low,0.10528186440989795,0.08957887410456682,0.12135784549602986,0.07745642693369019,0.0632594120844196,0.09226996019327627,False
WN18RR,TransE,RotatE,Structured-low,Relation-low,coverage_low,0.09929086874299882,0.08430965004908289,0.11455296365766246,0.07745642693369019,0.0632594120844196,0.09226996019327627,False
WN18RR,DistMult,ComplEx,Random,Structured-low,coverage_low,-0.010333061178214566,-0.024251182928658972,0.003927180199821374,-0.009814375652791855,-0.018021902815845224,-0.0022142576751682237,False
WN18RR,DistMult,ComplEx,Random,Relation-low,coverage_low,-0.010333061178214566,-0.024251182928658972,0.003927180199821374,-0.009530740098094855,-0.016487937258509545,-0.0033205390813149894,False
WN18RR,DistMult,ComplEx,Structured-low,Relation-low,coverage_low,-0.009814375652791855,-0.018021902815845224,-0.0022142576751682237,-0.009530740098094855,-0.016487937258509545,-0.0033205390813149894,False
WN18RR,DistMult,RotatE,Random,Structured-low,coverage_low,0.05338513709561577,0.04033950939180968,0.06934201623729305,0.057133984323364057,0.04467366952899037,0.07128891850627016,False
WN18RR,DistMult,RotatE,Random,Relation-low,coverage_low,0.05338513709561577,0.04033950939180968,0.06934201623729305,0.04588369196636788,0.03487904877620166,0.058002638099085034,False
WN18RR,DistMult,RotatE,Structured-low,Relation-low,coverage_low,0.057133984323364057,0.04467366952899037,0.07128891850627016,0.04588369196636788,0.03487904877620166,0.058002638099085034,False
WN18RR,ComplEx,RotatE,Random,Structured-low,coverage_low,0.06371819827383034,0.050122322446022764,0.07934565873352613,0.0669483599761559,0.053104498411122664,0.08281313509372362,False
WN18RR,ComplEx,RotatE,Random,Relation-low,coverage_low,0.06371819827383034,0.050122322446022764,0.07934565873352613,0.05541443206446273,0.042635149341843086,0.06998836844397102,False
WN18RR,ComplEx,RotatE,Structured-low,Relation-low,coverage_low,0.0669483599761559,0.053104498411122664,0.08281313509372362,0.05541443206446273,0.042635149341843086,0.06998836844397102,False
WN18RR,TransE,DistMult,Random,Structured-low,relation_low,0.06492254806799726,0.048796842314629336,0.0819764022651014,0.051142408745472226,0.029443471162097234,0.07030308635931966,False
WN18RR,TransE,DistMult,Random,Relation-low,relation_low,0.06492254806799726,0.048796842314629336,0.0819764022651014,0.03537375113664788,0.02642154180001031,0.0450132780248572,False
WN18RR,TransE,DistMult,Structured-low,Relation-low,relation_low,0.051142408745472226,0.029443471162097234,0.07030308635931966,0.03537375113664788,0.02642154180001031,0.0450132780248572,False
WN18RR,TransE,ComplEx,Random,Structured-low,relation_low,0.040232698912752454,0.022178001734893905,0.05896542425022884,0.028340047860930126,0.010558943845657918,0.04567235076088835,False
WN18RR,TransE,ComplEx,Random,Relation-low,relation_low,0.040232698912752454,0.022178001734893905,0.05896542425022884,0.03756138481496681,0.02688568120714172,0.04866911691121139,False
WN18RR,TransE,ComplEx,Structured-low,Relation-low,relation_low,0.028340047860930126,0.010558943845657918,0.04567235076088835,0.03756138481496681,0.02688568120714172,0.04866911691121139,False
WN18RR,TransE,RotatE,Random,Structured-low,relation_low,0.12384517975753001,0.1085755113507803,0.1396079945429124,0.1153478430665891,0.10046622235750698,0.12999808040525507,False
WN18RR,TransE,RotatE,Random,Relation-low,relation_low,0.12384517975753001,0.1085755113507803,0.1396079945429124,0.04315405438510907,0.03279739510032323,0.0539456647385513,False
WN18RR,TransE,RotatE,Structured-low,Relation-low,relation_low,0.1153478430665891,0.10046622235750698,0.12999808040525507,0.04315405438510907,0.03279739510032323,0.0539456647385513,False
WN18RR,DistMult,ComplEx,Random,Structured-low,relation_low,-0.024689849155244803,-0.04355824887419093,-0.007593011301361992,-0.0228023608845421,-0.04373518039909549,0.0007506430935432278,False
WN18RR,DistMult,ComplEx,Random,Relation-low,relation_low,-0.024689849155244803,-0.04355824887419093,-0.007593011301361992,0.0021876336783189284,-0.0032454102625058536,0.008105684085852561,False
WN18RR,DistMult,ComplEx,Structured-low,Relation-low,relation_low,-0.0228023608845421,-0.04373518039909549,0.0007506430935432278,0.0021876336783189284,-0.0032454102625058536,0.008105684085852561,False
WN18RR,DistMult,RotatE,Random,Structured-low,relation_low,0.05892263168953275,0.04423060901035551,0.07440742946038671,0.06420543432111687,0.0469886476288623,0.0844815593110802,False
WN18RR,DistMult,RotatE,Random,Relation-low,relation_low,0.05892263168953275,0.04423060901035551,0.07440742946038671,0.007780303248461184,0.0035835262462377785,0.013064363042411585,False
WN18RR,DistMult,RotatE,Structured-low,Relation-low,relation_low,0.06420543432111687,0.0469886476288623,0.0844815593110802,0.007780303248461184,0.0035835262462377785,0.013064363042411585,False
WN18RR,ComplEx,RotatE,Random,Structured-low,relation_low,0.08361248084477756,0.06681471863391363,0.10110734823337013,0.08700779520565897,0.07013329603588482,0.10600317554519244,False
WN18RR,ComplEx,RotatE,Random,Relation-low,relation_low,0.08361248084477756,0.06681471863391363,0.10110734823337013,0.005592669570142255,0.002772184754509713,0.009251107606762227,False
WN18RR,ComplEx,RotatE,Structured-low,Relation-low,relation_low,0.08700779520565897,0.07013329603588482,0.10600317554519244,0.005592669570142255,0.002772184754509713,0.009251107606762227,False
WN18RR,TransE,DistMult,Random,Structured-low,coverage_mid,-0.02172741890810373,-0.04886888006075943,0.008124197119655296,-0.04600119780944792,-0.07065723486612868,-0.019870183932583933,False
WN18RR,TransE,DistMult,Random,Relation-low,coverage_mid,-0.02172741890810373,-0.04886888006075943,0.008124197119655296,-0.07971983262657134,-0.0959521600083808,-0.06351102857615067,False
WN18RR,TransE,DistMult,Structured-low,Relation-low,coverage_mid,-0.04600119780944792,-0.07065723486612868,-0.019870183932583933,-0.07971983262657134,-0.0959521600083808,-0.06351102857615067,False
WN18RR,TransE,ComplEx,Random,Structured-low,coverage_mid,-0.11330616875158653,-0.135451482682857,-0.089142226961384,-0.11181729685561859,-0.130564918412634,-0.09343352975853074,False
WN18RR,TransE,ComplEx,Random,Relation-low,coverage_mid,-0.11330616875158653,-0.135451482682857,-0.089142226961384,-0.1513806359093159,-0.17148633480197625,-0.13108745522693133,False
WN18RR,TransE,ComplEx,Structured-low,Relation-low,coverage_mid,-0.11181729685561859,-0.130564918412634,-0.09343352975853074,-0.1513806359093159,-0.17148633480197625,-0.13108745522693133,False
WN18RR,TransE,RotatE,Random,Structured-low,coverage_mid,0.14554382441963115,0.13396836141761678,0.15746956743084303,0.13843381915843364,0.12740175934278586,0.15056202055029966,False
WN18RR,TransE,RotatE,Random,Relation-low,coverage_mid,0.14554382441963115,0.13396836141761678,0.15746956743084303,0.1276869657343205,0.11501633728828976,0.14061813038992735,False
WN18RR,TransE,RotatE,Structured-low,Relation-low,coverage_mid,0.13843381915843364,0.12740175934278586,0.15056202055029966,0.1276869657343205,0.11501633728828976,0.14061813038992735,False
WN18RR,DistMult,ComplEx,Random,Structured-low,coverage_mid,-0.0915787498434828,-0.1263467725714852,-0.06181560505651314,-0.06581609904617067,-0.08699581630141241,-0.04547013216916851,False
WN18RR,DistMult,ComplEx,Random,Relation-low,coverage_mid,-0.0915787498434828,-0.1263467725714852,-0.06181560505651314,-0.07166080328274457,-0.0885114633267932,-0.057618105741130174,False
WN18RR,DistMult,ComplEx,Structured-low,Relation-low,coverage_mid,-0.06581609904617067,-0.08699581630141241,-0.04547013216916851,-0.07166080328274457,-0.0885114633267932,-0.057618105741130174,False
WN18RR,DistMult,RotatE,Random,Structured-low,coverage_mid,0.16727124332773488,0.13489064592375377,0.19655062525042558,0.18443501696788156,0.15906400920033992,0.2084740685579644,False
WN18RR,DistMult,RotatE,Random,Relation-low,coverage_mid,0.16727124332773488,0.13489064592375377,0.19655062525042558,0.20740679836089185,0.1862165907676371,0.22956145132560796,False
WN18RR,DistMult,RotatE,Structured-low,Relation-low,coverage_mid,0.18443501696788156,0.15906400920033992,0.2084740685579644,0.20740679836089185,0.1862165907676371,0.22956145132560796,False
WN18RR,ComplEx,RotatE,Random,Structured-low,coverage_mid,0.25884999317121765,0.2346896844995986,0.2815009147899042,0.25025111601405226,0.22966298982000005,0.2720484526002863,False
WN18RR,ComplEx,RotatE,Random,Relation-low,coverage_mid,0.25884999317121765,0.2346896844995986,0.2815009147899042,0.2790676016436364,0.2554365781001655,0.30308761816843305,False
WN18RR,ComplEx,RotatE,Structured-low,Relation-low,coverage_mid,0.25025111601405226,0.22966298982000005,0.2720484526002863,0.2790676016436364,0.2554365781001655,0.30308761816843305,False
WN18RR,TransE,DistMult,Random,Structured-low,relation_mid,-0.1324343240225827,-0.17482281248590323,-0.08339244545753521,-0.18451865891979438,-0.21731187054860523,-0.15406399440160984,False
WN18RR,TransE,DistMult,Random,Relation-low,relation_mid,-0.1324343240225827,-0.17482281248590323,-0.08339244545753521,-0.25132647590002166,-0.27283423705990634,-0.23004743323604088,False
WN18RR,TransE,DistMult,Structured-low,Relation-low,relation_mid,-0.18451865891979438,-0.21731187054860523,-0.15406399440160984,-0.25132647590002166,-0.27283423705990634,-0.23004743323604088,False
WN18RR,TransE,ComplEx,Random,Structured-low,relation_mid,-0.35071416337669065,-0.3776563941676088,-0.31840506076274744,-0.3646979257826074,-0.3885671744396534,-0.3403645638651436,False
WN18RR,TransE,ComplEx,Random,Relation-low,relation_mid,-0.35071416337669065,-0.3776563941676088,-0.31840506076274744,-0.45660646960062734,-0.4792808779495125,-0.43324502081847677,False
WN18RR,TransE,ComplEx,Structured-low,Relation-low,relation_mid,-0.3646979257826074,-0.3885671744396534,-0.3403645638651436,-0.45660646960062734,-0.4792808779495125,-0.43324502081847677,False
WN18RR,TransE,RotatE,Random,Structured-low,relation_mid,0.18566759625019202,0.1764992415248094,0.19501950110496005,0.18726841063636657,0.17801411163773928,0.19666791893652105,False
WN18RR,TransE,RotatE,Random,Relation-low,relation_mid,0.18566759625019202,0.1764992415248094,0.19501950110496005,0.20580661094935654,0.1963576645951183,0.21563346263982416,False
WN18RR,TransE,RotatE,Structured-low,Relation-low,relation_mid,0.18726841063636657,0.17801411163773928,0.19666791893652105,0.20580661094935654,0.1963576645951183,0.21563346263982416,False
WN18RR,DistMult,ComplEx,Random,Structured-low,relation_mid,-0.21827983935410794,-0.2783322209742941,-0.16924994371010482,-0.180179266862813,-0.21768297781395246,-0.1416209993152806,False
WN18RR,DistMult,ComplEx,Random,Relation-low,relation_mid,-0.21827983935410794,-0.2783322209742941,-0.16924994371010482,-0.20527999370060568,-0.23198612199143542,-0.1791541453339553,False
WN18RR,DistMult,ComplEx,Structured-low,Relation-low,relation_mid,-0.180179266862813,-0.21768297781395246,-0.1416209993152806,-0.20527999370060568,-0.23198612199143542,-0.1791541453339553,False
WN18RR,DistMult,RotatE,Random,Structured-low,relation_mid,0.31810192027277473,0.2676565293532185,0.36281260434421886,0.371787069556161,0.3395560467767161,0.4055069289241748,False
WN18RR,DistMult,RotatE,Random,Relation-low,relation_mid,0.31810192027277473,0.2676565293532185,0.36281260434421886,0.4571330868493782,0.4345130520403767,0.4799629474746411,False
WN18RR,DistMult,RotatE,Structured-low,Relation-low,relation_mid,0.371787069556161,0.3395560467767161,0.4055069289241748,0.4571330868493782,0.4345130520403767,0.4799629474746411,False
WN18RR,ComplEx,RotatE,Random,Structured-low,relation_mid,0.5363817596268827,0.505410509396481,0.5650745767524502,0.551966336418974,0.5242596270826448,0.5777641374411947,False
WN18RR,ComplEx,RotatE,Random,Relation-low,relation_mid,0.5363817596268827,0.505410509396481,0.5650745767524502,0.6624130805499839,0.6366341696852424,0.687065228255024,False
WN18RR,ComplEx,RotatE,Structured-low,Relation-low,relation_mid,0.551966336418974,0.5242596270826448,0.5777641374411947,0.6624130805499839,0.6366341696852424,0.687065228255024,False
WN18RR,TransE,DistMult,Random,Structured-low,coverage_high,-0.0320405199669504,-0.05822089169162899,-0.002494604201557119,-0.06685373599828962,-0.08748929566513075,-0.047559891222401084,False
WN18RR,TransE,DistMult,Random,Relation-low,coverage_high,-0.0320405199669504,-0.05822089169162899,-0.002494604201557119,-0.09874346828226607,-0.11877629602231353,-0.07987687669263549,False
WN18RR,TransE,DistMult,Structured-low,Relation-low,coverage_high,-0.06685373599828962,-0.08748929566513075,-0.047559891222401084,-0.09874346828226607,-0.11877629602231353,-0.07987687669263549,False
WN18RR,TransE,ComplEx,Random,Structured-low,coverage_high,-0.1632098686038829,-0.1878754762232493,-0.13966685913838353,-0.18856827645429253,-0.2131656582005436,-0.16288484467508355,False
WN18RR,TransE,ComplEx,Random,Relation-low,coverage_high,-0.1632098686038829,-0.1878754762232493,-0.13966685913838353,-0.21940584860340695,-0.24185262559476847,-0.19741487430133353,False
WN18RR,TransE,ComplEx,Structured-low,Relation-low,coverage_high,-0.18856827645429253,-0.2131656582005436,-0.16288484467508355,-0.21940584860340695,-0.24185262559476847,-0.19741487430133353,False
WN18RR,TransE,RotatE,Random,Structured-low,coverage_high,0.12749916242703346,0.1175891082306513,0.13842843373464994,0.12818325990808954,0.11802223293940736,0.13905519908447747,False
WN18RR,TransE,RotatE,Random,Relation-low,coverage_high,0.12749916242703346,0.1175891082306513,0.13842843373464994,0.12346759513065043,0.11261096913615361,0.13456923680134167,False
WN18RR,TransE,RotatE,Structured-low,Relation-low,coverage_high,0.12818325990808954,0.11802223293940736,0.13905519908447747,0.12346759513065043,0.11261096913615361,0.13456923680134167,False
WN18RR,DistMult,ComplEx,Random,Structured-low,coverage_high,-0.1311693486369325,-0.16402491355172813,-0.10180680978774732,-0.12171454045600291,-0.14858168025014487,-0.09129648523681713,False
WN18RR,DistMult,ComplEx,Random,Relation-low,coverage_high,-0.1311693486369325,-0.16402491355172813,-0.10180680978774732,-0.12066238032114088,-0.13753920884115547,-0.10270121288195033,False
WN18RR,DistMult,ComplEx,Structured-low,Relation-low,coverage_high,-0.12171454045600291,-0.14858168025014487,-0.09129648523681713,-0.12066238032114088,-0.13753920884115547,-0.10270121288195033,False
WN18RR,DistMult,RotatE,Random,Structured-low,coverage_high,0.15953968239398386,0.1344393344193137,0.18424339015906385,0.19503699590637916,0.1736359421162862,0.21861805969330717,False
WN18RR,DistMult,RotatE,Random,Relation-low,coverage_high,0.15953968239398386,0.1344393344193137,0.18424339015906385,0.2222110634129165,0.2027553373110497,0.24254005347426363,False
WN18RR,DistMult,RotatE,Structured-low,Relation-low,coverage_high,0.19503699590637916,0.1736359421162862,0.21861805969330717,0.2222110634129165,0.2027553373110497,0.24254005347426363,False
WN18RR,ComplEx,RotatE,Random,Structured-low,coverage_high,0.29070903103091633,0.2635573124312449,0.3176479929780037,0.31675153636238207,0.29148112067322063,0.3416354298544113,False
WN18RR,ComplEx,RotatE,Random,Relation-low,coverage_high,0.29070903103091633,0.2635573124312449,0.3176479929780037,0.34287344373405737,0.3183585051303179,0.3689895631484827,False
WN18RR,ComplEx,RotatE,Structured-low,Relation-low,coverage_high,0.31675153636238207,0.29148112067322063,0.3416354298544113,0.34287344373405737,0.3183585051303179,0.3689895631484827,False
WN18RR,TransE,DistMult,Random,Structured-low,relation_high,0.060914905313633125,0.05047119588699866,0.07205592206674205,0.055037256487049754,0.04508273771981575,0.06573520846118186,False
WN18RR,TransE,DistMult,Random,Relation-low,relation_high,0.060914905313633125,0.05047119588699866,0.07205592206674205,0.056185353284797714,0.046232023926387054,0.06645251904199732,False
WN18RR,TransE,DistMult,Structured-low,Relation-low,relation_high,0.055037256487049754,0.04508273771981575,0.06573520846118186,0.056185353284797714,0.046232023926387054,0.06645251904199732,False
WN18RR,TransE,ComplEx,Random,Structured-low,relation_high,0.058764700685248306,0.04916482310967475,0.06905989727115638,0.05148385992980058,0.04233465919888205,0.0610192687532432,False
WN18RR,TransE,ComplEx,Random,Relation-low,relation_high,0.058764700685248306,0.04916482310967475,0.06905989727115638,0.05367478665410251,0.04402575839252378,0.06373572019602732,False
WN18RR,TransE,ComplEx,Structured-low,Relation-low,relation_high,0.05148385992980058,0.04233465919888205,0.0610192687532432,0.05367478665410251,0.04402575839252378,0.06373572019602732,False
WN18RR,TransE,RotatE,Random,Structured-low,relation_high,0.08091520140995323,0.06959939016824288,0.09344192177148095,0.07471946300041168,0.062412034820136436,0.08750780596732534,False
WN18RR,TransE,RotatE,Random,Relation-low,relation_high,0.08091520140995323,0.06959939016824288,0.09344192177148095,0.07584456950047229,0.06430757575463866,0.08820242031689901,False
WN18RR,TransE,RotatE,Structured-low,Relation-low,relation_high,0.07471946300041168,0.062412034820136436,0.08750780596732534,0.07584456950047229,0.06430757575463866,0.08820242031689901,False
WN18RR,DistMult,ComplEx,Random,Structured-low,relation_high,-0.002150204628384819,-0.00960241292733639,0.006177007209011774,-0.0035533965572491708,-0.00893775901161784,0.0015618728863958991,False
WN18RR,DistMult,ComplEx,Random,Relation-low,relation_high,-0.002150204628384819,-0.00960241292733639,0.006177007209011774,-0.002510566630695203,-0.007763962017958978,0.0024371849008835806,False
WN18RR,DistMult,ComplEx,Structured-low,Relation-low,relation_high,-0.0035533965572491708,-0.00893775901161784,0.0015618728863958991,-0.002510566630695203,-0.007763962017958978,0.0024371849008835806,False
WN18RR,DistMult,RotatE,Random,Structured-low,relation_high,0.020000296096320105,0.012767237748221564,0.028200730618873054,0.019682206513361934,0.013455657857355538,0.026963396347345167,False
WN18RR,DistMult,RotatE,Random,Relation-low,relation_high,0.020000296096320105,0.012767237748221564,0.028200730618873054,0.019659216215674576,0.013767809180864317,0.025911234906677887,False
WN18RR,DistMult,RotatE,Structured-low,Relation-low,relation_high,0.019682206513361934,0.013455657857355538,0.026963396347345167,0.019659216215674576,0.013767809180864317,0.025911234906677887,False
WN18RR,ComplEx,RotatE,Random,Structured-low,relation_high,0.022150500724704925,0.015576609162197792,0.02909292285587741,0.023235603070611104,0.015548728956100322,0.03151079680490194,False
WN18RR,ComplEx,RotatE,Random,Relation-low,relation_high,0.022150500724704925,0.015576609162197792,0.02909292285587741,0.02216978284636978,0.015903364278521386,0.02919210241186588,False
WN18RR,ComplEx,RotatE,Structured-low,Relation-low,relation_high,0.023235603070611104,0.015548728956100322,0.03151079680490194,0.02216978284636978,0.015903364278521386,0.02919210241186588,False
CoDEx-M,TransE,DistMult,Random,Structured-low,overall,-0.16818883290855108,-0.17509462641610665,-0.16055216511435857,-0.16311289146964392,-0.17217167031048736,-0.15438507392843556,False
CoDEx-M,TransE,DistMult,Random,Relation-low,overall,-0.16818883290855108,-0.17509462641610665,-0.16055216511435857,-0.15388340992247773,-0.16222070845225062,-0.1440266531615013,False
CoDEx-M,TransE,DistMult,Structured-low,Relation-low,overall,-0.16311289146964392,-0.17217167031048736,-0.15438507392843556,-0.15388340992247773,-0.16222070845225062,-0.1440266531615013,False
CoDEx-M,TransE,ComplEx,Random,Structured-low,overall,-0.16392986360615808,-0.17371624197251467,-0.1524652104510108,-0.1577603695217526,-0.16752303488093093,-0.1460980357794023,False
CoDEx-M,TransE,ComplEx,Random,Relation-low,overall,-0.16392986360615808,-0.17371624197251467,-0.1524652104510108,-0.1454137424413598,-0.1524149863679365,-0.13886005884343594,False
CoDEx-M,TransE,ComplEx,Structured-low,Relation-low,overall,-0.1577603695217526,-0.16752303488093093,-0.1460980357794023,-0.1454137424413598,-0.1524149863679365,-0.13886005884343594,False
CoDEx-M,TransE,RotatE,Random,Structured-low,overall,0.07466696789056972,0.0692993613069042,0.08006097756648317,0.0766815808710291,0.07186375961389366,0.08186346152095438,False
CoDEx-M,TransE,RotatE,Random,Relation-low,overall,0.07466696789056972,0.0692993613069042,0.08006097756648317,0.06800876872633652,0.05981064116839156,0.07682052964875821,False
CoDEx-M,TransE,RotatE,Structured-low,Relation-low,overall,0.0766815808710291,0.07186375961389366,0.08186346152095438,0.06800876872633652,0.05981064116839156,0.07682052964875821,False
CoDEx-M,DistMult,ComplEx,Random,Structured-low,overall,0.004258969302393001,-0.004463945637877165,0.011858328178304128,0.00535252194789132,-0.0038794418319797615,0.01746579016239036,False
CoDEx-M,DistMult,ComplEx,Random,Relation-low,overall,0.004258969302393001,-0.004463945637877165,0.011858328178304128,0.008469667481117937,-0.0011064773215311797,0.018193400424623758,False
CoDEx-M,DistMult,ComplEx,Structured-low,Relation-low,overall,0.00535252194789132,-0.0038794418319797615,0.01746579016239036,0.008469667481117937,-0.0011064773215311797,0.018193400424623758,False
CoDEx-M,DistMult,RotatE,Random,Structured-low,overall,0.24285580079912078,0.2356570326580966,0.24942013283006628,0.23979447234067303,0.2326694764127772,0.24773119340408645,False
CoDEx-M,DistMult,RotatE,Random,Relation-low,overall,0.24285580079912078,0.2356570326580966,0.24942013283006628,0.22189217864881425,0.21309960479724746,0.2306422736880561,False
CoDEx-M,DistMult,RotatE,Structured-low,Relation-low,overall,0.23979447234067303,0.2326694764127772,0.24773119340408645,0.22189217864881425,0.21309960479724746,0.2306422736880561,False
CoDEx-M,ComplEx,RotatE,Random,Structured-low,overall,0.23859683149672778,0.2306782081947069,0.2462592516943282,0.2344419503927817,0.22353851401695185,0.2427823754248795,False
CoDEx-M,ComplEx,RotatE,Random,Relation-low,overall,0.23859683149672778,0.2306782081947069,0.2462592516943282,0.2134225111676963,0.20457481496444377,0.22106143704671027,False
CoDEx-M,ComplEx,RotatE,Structured-low,Relation-low,overall,0.2344419503927817,0.22353851401695185,0.2427823754248795,0.2134225111676963,0.20457481496444377,0.22106143704671027,False
CoDEx-M,TransE,DistMult,Random,Structured-low,coverage_low,-0.17151640056575473,-0.1844747000671021,-0.15891109924872818,-0.16580269679214804,-0.17805255383170218,-0.153856007935977,False
CoDEx-M,TransE,DistMult,Random,Relation-low,coverage_low,-0.17151640056575473,-0.1844747000671021,-0.15891109924872818,-0.159983358667877,-0.17118403602727433,-0.14769737514128076,False
CoDEx-M,TransE,DistMult,Structured-low,Relation-low,coverage_low,-0.16580269679214804,-0.17805255383170218,-0.153856007935977,-0.159983358667877,-0.17118403602727433,-0.14769737514128076,False
CoDEx-M,TransE,ComplEx,Random,Structured-low,coverage_low,-0.1639888113607727,-0.17699798666868644,-0.15084741524617806,-0.15924535905293297,-0.17316640413317586,-0.14589143245959652,False
CoDEx-M,TransE,ComplEx,Random,Relation-low,coverage_low,-0.1639888113607727,-0.17699798666868644,-0.15084741524617806,-0.1506946268786769,-0.16115384525535703,-0.1399078698030227,False
CoDEx-M,TransE,ComplEx,Structured-low,Relation-low,coverage_low,-0.15924535905293297,-0.17316640413317586,-0.14589143245959652,-0.1506946268786769,-0.16115384525535703,-0.1399078698030227,False
CoDEx-M,TransE,RotatE,Random,Structured-low,coverage_low,0.06746150185137213,0.061318482425329134,0.07380488045956556,0.0661760811725136,0.06063607424386237,0.07219608955727704,False
CoDEx-M,TransE,RotatE,Random,Relation-low,coverage_low,0.06746150185137213,0.061318482425329134,0.07380488045956556,0.06179271791010006,0.05288749681409309,0.07123262634189617,False
CoDEx-M,TransE,RotatE,Structured-low,Relation-low,coverage_low,0.0661760811725136,0.06063607424386237,0.07219608955727704,0.06179271791010006,0.05288749681409309,0.07123262634189617,False
CoDEx-M,DistMult,ComplEx,Random,Structured-low,coverage_low,0.0075275892049820325,-0.004396316294221705,0.017611479454375013,0.0065573377392150745,-0.004506538391852306,0.017158440442174884,False
CoDEx-M,DistMult,ComplEx,Random,Relation-low,coverage_low,0.0075275892049820325,-0.004396316294221705,0.017611479454375013,0.009288731789200116,-0.0013423189171851114,0.019394918529109406,False
CoDEx-M,DistMult,ComplEx,Structured-low,Relation-low,coverage_low,0.0065573377392150745,-0.004506538391852306,0.017158440442174884,0.009288731789200116,-0.0013423189171851114,0.019394918529109406,False
CoDEx-M,DistMult,RotatE,Random,Structured-low,coverage_low,0.23897790241712688,0.2268496954637602,0.2509139661325229,0.23197877796466163,0.22051024527568897,0.24351443697346048,False
CoDEx-M,DistMult,RotatE,Random,Relation-low,coverage_low,0.23897790241712688,0.2268496954637602,0.2509139661325229,0.22177607657797707,0.2111762910129652,0.23265547504472373,False
CoDEx-M,DistMult,RotatE,Structured-low,Relation-low,coverage_low,0.23197877796466163,0.22051024527568897,0.24351443697346048,0.22177607657797707,0.2111762910129652,0.23265547504472373,False
CoDEx-M,ComplEx,RotatE,Random,Structured-low,coverage_low,0.23145031321214485,0.22025604573995344,0.24337590610351498,0.22542144022544655,0.21120954202527736,0.23949951144516896,False
CoDEx-M,ComplEx,RotatE,Random,Relation-low,coverage_low,0.23145031321214485,0.22025604573995344,0.24337590610351498,0.21248734478877696,0.201085095650697,0.22292127578623921,False
CoDEx-M,ComplEx,RotatE,Structured-low,Relation-low,coverage_low,0.22542144022544655,0.21120954202527736,0.23949951144516896,0.21248734478877696,0.201085095650697,0.22292127578623921,False
CoDEx-M,TransE,DistMult,Random,Structured-low,relation_low,-0.14528198509735252,-0.15826839494982595,-0.1332963747203668,-0.15345620551303762,-0.16601445209411547,-0.1410137833567391,False
CoDEx-M,TransE,DistMult,Random,Relation-low,relation_low,-0.14528198509735252,-0.15826839494982595,-0.1332963747203668,-0.10503617102106144,-0.1201805911666958,-0.08849589018499837,False
CoDEx-M,TransE,DistMult,Structured-low,Relation-low,relation_low,-0.15345620551303762,-0.16601445209411547,-0.1410137833567391,-0.10503617102106144,-0.1201805911666958,-0.08849589018499837,False
CoDEx-M,TransE,ComplEx,Random,Structured-low,relation_low,-0.1424996870485411,-0.15872187944819335,-0.1262582776389195,-0.13749047324542601,-0.15215763688799658,-0.12360904146123965,False
CoDEx-M,TransE,ComplEx,Random,Relation-low,relation_low,-0.1424996870485411,-0.15872187944819335,-0.1262582776389195,-0.09266606871969241,-0.10743555743096105,-0.0782176383298425,False
CoDEx-M,TransE,ComplEx,Structured-low,Relation-low,relation_low,-0.13749047324542601,-0.15215763688799658,-0.12360904146123965,-0.09266606871969241,-0.10743555743096105,-0.0782176383298425,False
CoDEx-M,TransE,RotatE,Random,Structured-low,relation_low,0.11413724185550925,0.1045502675186479,0.12383416659037784,0.11255279006353267,0.10451831043525724,0.12054503738152862,False
CoDEx-M,TransE,RotatE,Random,Relation-low,relation_low,0.11413724185550925,0.1045502675186479,0.12383416659037784,0.11724918394633276,0.10724286658781368,0.12804883971778241,False
CoDEx-M,TransE,RotatE,Structured-low,Relation-low,relation_low,0.11255279006353267,0.10451831043525724,0.12054503738152862,0.11724918394633276,0.10724286658781368,0.12804883971778241,False
CoDEx-M,DistMult,ComplEx,Random,Structured-low,relation_low,0.0027822980488114157,-0.011868820932949222,0.018010710283240708,0.01596573226761161,0.003181052500863554,0.029406298393561854,False
CoDEx-M,DistMult,ComplEx,Random,Relation-low,relation_low,0.0027822980488114157,-0.011868820932949222,0.018010710283240708,0.012370102301369035,0.003547440291206611,0.021659443371493937,False
CoDEx-M,DistMult,ComplEx,Structured-low,Relation-low,relation_low,0.01596573226761161,0.003181052500863554,0.029406298393561854,0.012370102301369035,0.003547440291206611,0.021659443371493937,False
CoDEx-M,DistMult,RotatE,Random,Structured-low,relation_low,0.2594192269528618,0.24692541086187858,0.27328101703948104,0.2660089955765703,0.2529186740652759,0.27910252498937654,False
CoDEx-M,DistMult,RotatE,Random,Relation-low,relation_low,0.2594192269528618,0.24692541086187858,0.27328101703948104,0.2222853549673942,0.2088007035822746,0.23526323436700447,False
CoDEx-M,DistMult,RotatE,Structured-low,Relation-low,relation_low,0.2660089955765703,0.2529186740652759,0.27910252498937654,0.2222853549673942,0.2088007035822746,0.23526323436700447,False
CoDEx-M,ComplEx,RotatE,Random,Structured-low,relation_low,0.2566369289040504,0.24234942998217157,0.2709420120304359,0.2500432633089587,0.23681048982488065,0.26365588678817886,False
CoDEx-M,ComplEx,RotatE,Random,Relation-low,relation_low,0.2566369289040504,0.24234942998217157,0.2709420120304359,0.20991525266602518,0.19792147577124708,0.2221204024158822,False
CoDEx-M,ComplEx,RotatE,Structured-low,Relation-low,relation_low,0.2500432633089587,0.23681048982488065,0.26365588678817886,0.20991525266602518,0.19792147577124708,0.2221204024158822,False
CoDEx-M,TransE,DistMult,Random,Structured-low,coverage_mid,-0.16952252474805207,-0.17858209177035855,-0.15923687681285803,-0.16410342610680778,-0.1736277141483836,-0.15387098041644864,False
CoDEx-M,TransE,DistMult,Random,Relation-low,coverage_mid,-0.16952252474805207,-0.17858209177035855,-0.15923687681285803,-0.15701769486750758,-0.16835471727449522,-0.1455514778816758,False
CoDEx-M,TransE,DistMult,Structured-low,Relation-low,coverage_mid,-0.16410342610680778,-0.1736277141483836,-0.15387098041644864,-0.15701769486750758,-0.16835471727449522,-0.1455514778816758,False
CoDEx-M,TransE,ComplEx,Random,Structured-low,coverage_mid,-0.1630842862850641,-0.17662134086100834,-0.14922132353233034,-0.1591539546332017,-0.1697422499061012,-0.14845758445657595,False
CoDEx-M,TransE,ComplEx,Random,Relation-low,coverage_mid,-0.1630842862850641,-0.17662134086100834,-0.14922132353233034,-0.14561165623864064,-0.15411427135701602,-0.136640827061037,False
CoDEx-M,TransE,ComplEx,Structured-low,Relation-low,coverage_mid,-0.1591539546332017,-0.1697422499061012,-0.14845758445657595,-0.14561165623864064,-0.15411427135701602,-0.136640827061037,False
CoDEx-M,TransE,RotatE,Random,Structured-low,coverage_mid,0.07127088198329048,0.06493195548535277,0.07792998670894942,0.07110556733463472,0.06650734026572935,0.07602487239050269,False
CoDEx-M,TransE,RotatE,Random,Relation-low,coverage_mid,0.07127088198329048,0.06493195548535277,0.07792998670894942,0.06429368007462806,0.054183617879300636,0.07489001149385296,False
CoDEx-M,TransE,RotatE,Structured-low,Relation-low,coverage_mid,0.07110556733463472,0.06650734026572935,0.07602487239050269,0.06429368007462806,0.054183617879300636,0.07489001149385296,False
CoDEx-M,DistMult,ComplEx,Random,Structured-low,coverage_mid,0.006438238462987966,-0.003703634062475619,0.017022435251355498,0.004949471473606054,-0.004636351242529541,0.016212218747181803,False
CoDEx-M,DistMult,ComplEx,Random,Relation-low,coverage_mid,0.006438238462987966,-0.003703634062475619,0.017022435251355498,0.011406038628866938,-0.0002324528476609941,0.0221593737199127,False
CoDEx-M,DistMult,ComplEx,Structured-low,Relation-low,coverage_mid,0.004949471473606054,-0.004636351242529541,0.016212218747181803,0.011406038628866938,-0.0002324528476609941,0.0221593737199127,False
CoDEx-M,DistMult,RotatE,Random,Structured-low,coverage_mid,0.24079340673134256,0.23178953877639233,0.24983502879382785,0.23520899344144247,0.2256360989644195,0.24499783420888402,False
CoDEx-M,DistMult,RotatE,Random,Relation-low,coverage_mid,0.24079340673134256,0.23178953877639233,0.24983502879382785,0.22131137494213565,0.21069878974511982,0.231476913244141,False
CoDEx-M,DistMult,RotatE,Structured-low,Relation-low,coverage_mid,0.23520899344144247,0.2256360989644195,0.24499783420888402,0.22131137494213565,0.21069878974511982,0.231476913244141,False
CoDEx-M,ComplEx,RotatE,Random,Structured-low,coverage_mid,0.2343551682683546,0.22336421888804267,0.24507090358898997,0.23025952196783644,0.22010196887318517,0.24045296766765928,False
CoDEx-M,ComplEx,RotatE,Random,Relation-low,coverage_mid,0.2343551682683546,0.22336421888804267,0.24507090358898997,0.2099053363132687,0.19913908067253858,0.21963654321309284,False
CoDEx-M,ComplEx,RotatE,Structured-low,Relation-low,coverage_mid,0.23025952196783644,0.22010196887318517,0.24045296766765928,0.2099053363132687,0.19913908067253858,0.21963654321309284,False
CoDEx-M,TransE,DistMult,Random,Structured-low,relation_mid,-0.1713514784841205,-0.18176893188403287,-0.16073811887236336,-0.16296859354507176,-0.1799978465747741,-0.14668936789730644,False
CoDEx-M,TransE,DistMult,Random,Relation-low,relation_mid,-0.1713514784841205,-0.18176893188403287,-0.16073811887236336,-0.14799355636603162,-0.16176178491435664,-0.1311772380603583,False
CoDEx-M,TransE,DistMult,Structured-low,Relation-low,relation_mid,-0.16296859354507176,-0.1799978465747741,-0.14668936789730644,-0.14799355636603162,-0.16176178491435664,-0.1311772380603583,False
CoDEx-M,TransE,ComplEx,Random,Structured-low,relation_mid,-0.16359380740670085,-0.17611386265301548,-0.15173757672342497,-0.15349236968897512,-0.16872364885296717,-0.13664624278423373,False
CoDEx-M,TransE,ComplEx,Random,Relation-low,relation_mid,-0.16359380740670085,-0.17611386265301548,-0.15173757672342497,-0.14129862557074963,-0.1562456272129556,-0.1290815975895434,False
CoDEx-M,TransE,ComplEx,Structured-low,Relation-low,relation_mid,-0.15349236968897512,-0.16872364885296717,-0.13664624278423373,-0.14129862557074963,-0.1562456272129556,-0.1290815975895434,False
CoDEx-M,TransE,RotatE,Random,Structured-low,relation_mid,0.08215890180469959,0.07517829041477449,0.08879464076114435,0.08370645524001508,0.0744750854841236,0.09194093372061994,False
CoDEx-M,TransE,RotatE,Random,Relation-low,relation_mid,0.08215890180469959,0.07517829041477449,0.08879464076114435,0.08149909929483995,0.07219593136198747,0.09159684639454012,False
CoDEx-M,TransE,RotatE,Structured-low,Relation-low,relation_mid,0.08370645524001508,0.0744750854841236,0.09194093372061994,0.08149909929483995,0.07219593136198747,0.09159684639454012,False
CoDEx-M,DistMult,ComplEx,Random,Structured-low,relation_mid,0.007757671077419648,-0.005861354299381896,0.01950656515193981,0.009476223856096644,-0.010724368203125672,0.03273042258248864,False
CoDEx-M,DistMult,ComplEx,Random,Relation-low,relation_mid,0.007757671077419648,-0.005861354299381896,0.01950656515193981,0.006694930795281995,-0.00975073830206594,0.02234139819050573,False
CoDEx-M,DistMult,ComplEx,Structured-low,Relation-low,relation_mid,0.009476223856096644,-0.010724368203125672,0.03273042258248864,0.006694930795281995,-0.00975073830206594,0.02234139819050573,False
CoDEx-M,DistMult,RotatE,Random,Structured-low,relation_mid,0.25351038028882006,0.24154463235135726,0.26524731528421985,0.2466750487850868,0.23221891014011703,0.26095229166657824,False
CoDEx-M,DistMult,RotatE,Random,Relation-low,relation_mid,0.25351038028882006,0.24154463235135726,0.26524731528421985,0.22949265566087157,0.210121512353833,0.24961111678451817,False
CoDEx-M,DistMult,RotatE,Structured-low,Relation-low,relation_mid,0.2466750487850868,0.23221891014011703,0.26095229166657824,0.22949265566087157,0.210121512353833,0.24961111678451817,False
CoDEx-M,ComplEx,RotatE,Random,Structured-low,relation_mid,0.24575270921140044,0.2347862957096729,0.2578490449512077,0.23719882492899017,0.22051740428594477,0.25199778833996733,False
CoDEx-M,ComplEx,RotatE,Random,Relation-low,relation_mid,0.24575270921140044,0.2347862957096729,0.2578490449512077,0.22279772486558957,0.20958183446147272,0.2349580413032559,False
CoDEx-M,ComplEx,RotatE,Structured-low,Relation-low,relation_mid,0.23719882492899017,0.22051740428594477,0.25199778833996733,0.22279772486558957,0.20958183446147272,0.2349580413032559,False
CoDEx-M,TransE,DistMult,Random,Structured-low,coverage_high,-0.16205576548160627,-0.17239165715467056,-0.15157611914142233,-0.15831357056734097,-0.1750242586486227,-0.14256131408385245,False
CoDEx-M,TransE,DistMult,Random,Relation-low,coverage_high,-0.16205576548160627,-0.17239165715467056,-0.15157611914142233,-0.14139402135269918,-0.15310098794591281,-0.1285204890134679,False
CoDEx-M,TransE,DistMult,Structured-low,Relation-low,coverage_high,-0.15831357056734097,-0.1750242586486227,-0.14256131408385245,-0.14139402135269918,-0.15310098794591281,-0.1285204890134679,False
CoDEx-M,TransE,ComplEx,Random,Structured-low,coverage_high,-0.16539280022658887,-0.17742166748444152,-0.15247196856329429,-0.153579807312218,-0.17075697006815124,-0.1364505288366304,False
CoDEx-M,TransE,ComplEx,Random,Relation-low,coverage_high,-0.16539280022658887,-0.17742166748444152,-0.15247196856329429,-0.13914959457316145,-0.15178962554857126,-0.12813791824975962,False
CoDEx-M,TransE,ComplEx,Structured-low,Relation-low,coverage_high,-0.153579807312218,-0.17075697006815124,-0.1364505288366304,-0.13914959457316145,-0.15178962554857126,-0.12813791824975962,False
CoDEx-M,TransE,RotatE,Random,Structured-low,coverage_high,0.08886615663576591,0.0809306741658021,0.09663824597857491,0.09851309834450216,0.08813922968932468,0.10936884027155037,False
CoDEx-M,TransE,RotatE,Random,Relation-low,coverage_high,0.08886615663576591,0.0809306741658021,0.09663824597857491,0.08167814502702123,0.0714428816481471,0.09308258614830661,False
CoDEx-M,TransE,RotatE,Structured-low,Relation-low,coverage_high,0.09851309834450216,0.08813922968932468,0.10936884027155037,0.08167814502702123,0.0714428816481471,0.09308258614830661,False
CoDEx-M,DistMult,ComplEx,Random,Structured-low,coverage_high,-0.003337034744982592,-0.014444708829456917,0.009402992641552066,0.00473376325512298,-0.014290884374421891,0.024410715257050648,False
CoDEx-M,DistMult,ComplEx,Random,Relation-low,coverage_high,-0.003337034744982592,-0.014444708829456917,0.009402992641552066,0.0022444267795377337,-0.009658262232033539,0.015603021799213636,False
CoDEx-M,DistMult,ComplEx,Structured-low,Relation-low,coverage_high,0.00473376325512298,-0.014290884374421891,0.024410715257050648,0.0022444267795377337,-0.009658262232033539,0.015603021799213636,False
CoDEx-M,DistMult,RotatE,Random,Structured-low,coverage_high,0.2509219221173722,0.2398017221017883,0.26200717295874004,0.25682666891184314,0.24185024714777617,0.2720610559494564,False
CoDEx-M,DistMult,RotatE,Random,Relation-low,coverage_high,0.2509219221173722,0.2398017221017883,0.26200717295874004,0.22307216637972038,0.2086268199344507,0.23796223783183382,False
CoDEx-M,DistMult,RotatE,Structured-low,Relation-low,coverage_high,0.25682666891184314,0.24185024714777617,0.2720610559494564,0.22307216637972038,0.2086268199344507,0.23796223783183382,False
CoDEx-M,ComplEx,RotatE,Random,Structured-low,coverage_high,0.2542589568623548,0.24239744119147758,0.26585510350757197,0.25209290565672016,0.23634550225824777,0.2654943796740286,False
CoDEx-M,ComplEx,RotatE,Random,Relation-low,coverage_high,0.2542589568623548,0.24239744119147758,0.26585510350757197,0.22082773960018265,0.20905248102349416,0.23283908831672262,False
CoDEx-M,ComplEx,RotatE,Structured-low,Relation-low,coverage_high,0.25209290565672016,0.23634550225824777,0.2654943796740286,0.22082773960018265,0.20905248102349416,0.23283908831672262,False
CoDEx-M,TransE,DistMult,Random,Structured-low,relation_high,-0.18238967601352551,-0.19636460610287312,-0.16727522345739265,-0.17067902504703591,-0.18301769078594696,-0.1587125954441126,False
CoDEx-M,TransE,DistMult,Random,Relation-low,relation_high,-0.18238967601352551,-0.19636460610287312,-0.16727522345739265,-0.19767206671898443,-0.21396812280765592,-0.1810988485170784,False
CoDEx-M,TransE,DistMult,Structured-low,Relation-low,relation_high,-0.17067902504703591,-0.18301769078594696,-0.1587125954441126,-0.19767206671898443,-0.21396812280765592,-0.1810988485170784,False
CoDEx-M,TransE,ComplEx,Random,Structured-low,relation_high,-0.18073759592716016,-0.2027596802129172,-0.16553212263858516,-0.17788099069400132,-0.19315714224323918,-0.1607770423375795,False
CoDEx-M,TransE,ComplEx,Random,Relation-low,relation_high,-0.18073759592716016,-0.2027596802129172,-0.16553212263858516,-0.19029884666216965,-0.21022982212945623,-0.1755492727783647,False
CoDEx-M,TransE,ComplEx,Structured-low,Relation-low,relation_high,-0.17788099069400132,-0.19315714224323918,-0.1607770423375795,-0.19029884666216965,-0.21022982212945623,-0.1755492727783647,False
CoDEx-M,TransE,RotatE,Random,Structured-low,relation_high,0.036362780943529835,0.031165792362339767,0.04159320978261547,0.04163912270185037,0.03643747126990006,0.046569111072173285,False
CoDEx-M,TransE,RotatE,Random,Relation-low,relation_high,0.036362780943529835,0.031165792362339767,0.04159320978261547,0.015793037487548595,0.00506600210802241,0.025006929576635334,False
CoDEx-M,TransE,RotatE,Structured-low,Relation-low,relation_high,0.04163912270185037,0.03643747126990006,0.046569111072173285,0.015793037487548595,0.00506600210802241,0.025006929576635334,False
CoDEx-M,DistMult,ComplEx,Random,Structured-low,relation_high,0.0016520800863653595,-0.01836517109477761,0.01923899908626254,-0.0072019656469654025,-0.02057213363101462,0.0040324830050588595,False
CoDEx-M,DistMult,ComplEx,Random,Relation-low,relation_high,0.0016520800863653595,-0.01836517109477761,0.01923899908626254,0.007373220056814789,-0.01564624707087032,0.026359858682865972,False
CoDEx-M,DistMult,ComplEx,Structured-low,Relation-low,relation_high,-0.0072019656469654025,-0.02057213363101462,0.0040324830050588595,0.007373220056814789,-0.01564624707087032,0.026359858682865972,False
CoDEx-M,DistMult,RotatE,Random,Structured-low,relation_high,0.21875245695705534,0.20619161222129426,0.23198513360008438,0.21231814774888627,0.20170645375044258,0.22264199060474188,False
CoDEx-M,DistMult,RotatE,Random,Relation-low,relation_high,0.21875245695705534,0.20619161222129426,0.23198513360008438,0.21346510420653303,0.2014093393466551,0.22468520078360163,False
CoDEx-M,DistMult,RotatE,Structured-low,Relation-low,relation_high,0.21231814774888627,0.20170645375044258,0.22264199060474188,0.21346510420653303,0.2014093393466551,0.22468520078360163,False
CoDEx-M,ComplEx,RotatE,Random,Structured-low,relation_high,0.21710037687068998,0.20378412340097865,0.2362642220630432,0.21952011339585167,0.20514344017574843,0.23229902222144067,False
CoDEx-M,ComplEx,RotatE,Random,Relation-low,relation_high,0.21710037687068998,0.20378412340097865,0.2362642220630432,0.20609188414971824,0.18665863358855034,0.22820256435903413,False
CoDEx-M,ComplEx,RotatE,Structured-low,Relation-low,relation_high,0.21952011339585167,0.20514344017574843,0.23229902222144067,0.20609188414971824,0.18665863358855034,0.22820256435903413,False
